[00:17:42] [main/INFO] (FabricLoader/GameProvider) Loading Minecraft 7.3_04 with Fabric Loader 0.15.6-bta.7
[00:17:42] [main/DEBUG] (FabricLoader/GamePatch) Found game constructor: net.minecraft.client.Minecraft -> net/minecraft/client/Minecraft
[00:17:42] [main/DEBUG] (FabricLoader/GamePatch) Patching game constructor <init>(Lnet/minecraft/client/render/window/GameWindow;Z)V
[00:17:42] [main/DEBUG] (FabricLoader/Mappings) Loading mappings took 7 ms
[00:17:42] [main/DEBUG] (FabricLoader/GamePatch) Patched 1 class
[00:17:42] [ForkJoinPool-1-worker-7/WARN] (FabricLoader/Metadata) Mod btwaila uses the version 1.2.2-7.3_04 which isn't compatible with Loader's extended semantic version format (Invalid prerelease string '7.3_04'!), SemVer is recommended for reliably evaluating dependencies and prioritizing newer version
[00:17:42] [main/DEBUG] (FabricLoader/Discovery) Mod discovery time: 11.2 ms
[00:17:42] [main/DEBUG] (FabricLoader/Resolution) Mod resolution time: 33.3 ms
[00:17:42] [main/INFO] (FabricLoader) Loading 12 mods:
	- aether 0.12.2+7.3_04
	- btwaila 1.2.2-7.3_04
	- catalyst-core 2.2.0
	- catalyst-effects 2.5.1
	- fabricloader 0.15.6-bta.7
	- halplibe 5.3.1
	- java 17
	- legacy-lwjgl3 1.0.4
	- minecraft 7.3.4
	- mixinextras 0.3.2
	- modmenu 3.0.0
	- uselessnumerical 1.1.0
[00:17:42] [main/DEBUG] (FabricLoader/Knot) Adding /var/home/Rin/IdeaProjects/better-with-aether/.gradle/loom-cache/remapped_mods/loom_mappings_7_3_04_layered_hash_31_v2/sunsetsatellite/catalyst-effects/2.5.1/catalyst-effects-2.5.1.jar to classpath.
[00:17:42] [main/DEBUG] (FabricLoader/Knot) Adding /var/home/Rin/IdeaProjects/better-with-aether/.gradle/loom-cache/remapped_mods/loom_mappings_7_3_04_layered_hash_31_v2/useless/btwaila/1.2.2-7.3_04/btwaila-1.2.2-7.3_04.jar to classpath.
[00:17:42] [main/DEBUG] (FabricLoader/Knot) Adding /var/home/Rin/IdeaProjects/better-with-aether/.gradle/loom-cache/remapped_mods/loom_mappings_7_3_04_layered_hash_31_v2/gungun974/UselessNumerical/1.1.0/UselessNumerical-1.1.0.jar to classpath.
[00:17:42] [main/DEBUG] (FabricLoader/Knot) Adding /var/home/Rin/.gradle/caches/modules-2/files-2.1/io.github.llamalad7/mixinextras-fabric/0.3.2/33c53c7014a170a9cdfbc801f7a77a0eefd3bd00/mixinextras-fabric-0.3.2.jar to classpath.
[00:17:42] [main/DEBUG] (FabricLoader/Knot) Adding /var/home/Rin/IdeaProjects/better-with-aether/.gradle/loom-cache/remapped_mods/loom_mappings_7_3_04_layered_hash_31_v2/turniplabs/modmenu-bta/3.0.0/modmenu-bta-3.0.0.jar to classpath.
[00:17:42] [main/DEBUG] (FabricLoader/Knot) Adding /var/home/Rin/IdeaProjects/better-with-aether/.gradle/loom-cache/remapped_mods/loom_mappings_7_3_04_layered_hash_31_v2/sunsetsatellite/catalyst-core/2.2.0/catalyst-core-2.2.0.jar to classpath.
[00:17:42] [main/DEBUG] (FabricLoader/Knot) Adding /var/home/Rin/IdeaProjects/better-with-aether/.gradle/loom-cache/remapped_mods/loom_mappings_7_3_04_layered_hash_31_v2/com/github/zarzelcow/legacy-lwjgl3/1.0.4/legacy-lwjgl3-1.0.4.jar to classpath.
[00:17:42] [main/DEBUG] (FabricLoader/Knot) Adding /var/home/Rin/IdeaProjects/better-with-aether/build/resources/main to classpath.
[00:17:42] [main/DEBUG] (FabricLoader/Knot) Adding /var/home/Rin/IdeaProjects/better-with-aether/.gradle/loom-cache/remapped_mods/loom_mappings_7_3_04_layered_hash_31_v2/com/github/Turnip-Labs/bta-halplibe/5.3.1/bta-halplibe-5.3.1.jar to classpath.
[00:17:42] [main/DEBUG] (FabricLoader/Entrypoint) Registering new-style initializer sunsetsatellite.catalyst.CatalystEffectsServer for mod catalyst-effects (key server)
[00:17:42] [main/DEBUG] (FabricLoader/Entrypoint) Registering new-style initializer sunsetsatellite.catalyst.CatalystEffects for mod catalyst-effects (key afterGameStart)
[00:17:42] [main/DEBUG] (FabricLoader/Entrypoint) Registering new-style initializer sunsetsatellite.catalyst.CatalystEffectsClient for mod catalyst-effects (key beforeClientStart)
[00:17:42] [main/DEBUG] (FabricLoader/Entrypoint) Registering new-style initializer sunsetsatellite.catalyst.CatalystEffects for mod catalyst-effects (key main)
[00:17:42] [main/DEBUG] (FabricLoader/Entrypoint) Registering new-style initializer sunsetsatellite.catalyst.CatalystEffectsClient for mod catalyst-effects (key afterClientStart)
[00:17:42] [main/DEBUG] (FabricLoader/Entrypoint) Registering new-style initializer toufoumaster.btwaila.entryplugins.modmenu.ModMenuModule for mod btwaila (key modmenu)
[00:17:42] [main/DEBUG] (FabricLoader/Entrypoint) Registering new-style initializer toufoumaster.btwaila.BTWaila for mod btwaila (key afterGameStart)
[00:17:42] [main/DEBUG] (FabricLoader/Entrypoint) Registering new-style initializer toufoumaster.btwaila.BTWailaClient for mod btwaila (key client)
[00:17:42] [main/DEBUG] (FabricLoader/Entrypoint) Registering new-style initializer toufoumaster.btwaila.BTWaila for mod btwaila (key main)
[00:17:42] [main/DEBUG] (FabricLoader/Entrypoint) Registering new-style initializer toufoumaster.btwaila.entryplugins.waila.BTWailaPlugin for mod btwaila (key btwaila)
[00:17:42] [main/DEBUG] (FabricLoader/Entrypoint) Registering new-style initializer toufoumaster.btwaila.BTWailaComponents for mod btwaila (key afterClientStart)
[00:17:42] [main/DEBUG] (FabricLoader/Entrypoint) Registering new-style initializer toufoumaster.btwaila.BTWailaClient for mod btwaila (key afterClientStart)
[00:17:42] [main/DEBUG] (FabricLoader/Entrypoint) Registering new-style initializer gungun974.uselessnumerical.UselessNumericalMod for mod uselessnumerical (key main)
[00:17:42] [main/DEBUG] (FabricLoader/Entrypoint) Registering new-style initializer io.github.prospector.modmenu.impl.ModMenuApiImpl for mod modmenu (key modmenu)
[00:17:42] [main/DEBUG] (FabricLoader/Entrypoint) Registering new-style initializer io.github.prospector.modmenu.ModMenu for mod modmenu (key main)
[00:17:42] [main/DEBUG] (FabricLoader/Entrypoint) Registering new-style initializer sunsetsatellite.catalyst.Catalyst for mod catalyst-core (key main)
[00:17:42] [main/DEBUG] (FabricLoader/Entrypoint) Registering new-style initializer sunsetsatellite.catalyst.CatalystClient for mod catalyst-core (key afterClientStart)
[00:17:42] [main/DEBUG] (FabricLoader/Entrypoint) Registering new-style initializer teamport.aether.AetherMod for mod aether (key beforeGameStart)
[00:17:42] [main/DEBUG] (FabricLoader/Entrypoint) Registering new-style initializer teamport.aether.AetherServer for mod aether (key server)
[00:17:42] [main/DEBUG] (FabricLoader/Entrypoint) Registering new-style initializer teamport.aether.AetherMod for mod aether (key afterGameStart)
[00:17:42] [main/DEBUG] (FabricLoader/Entrypoint) Registering new-style initializer teamport.aether.compat.uselessnumerical.Allias for mod aether (key uselessNumerical)
[00:17:42] [main/DEBUG] (FabricLoader/Entrypoint) Registering new-style initializer teamport.aether.AetherClient for mod aether (key beforeClientStart)
[00:17:42] [main/DEBUG] (FabricLoader/Entrypoint) Registering new-style initializer teamport.aether.AetherClient for mod aether (key client)
[00:17:42] [main/DEBUG] (FabricLoader/Entrypoint) Registering new-style initializer teamport.aether.AetherRecipes for mod aether (key recipesReady)
[00:17:42] [main/DEBUG] (FabricLoader/Entrypoint) Registering new-style initializer teamport.aether.AetherMod for mod aether (key main)
[00:17:42] [main/DEBUG] (FabricLoader/Entrypoint) Registering new-style initializer teamport.aether.compat.waila.AetherWailaPlugin for mod aether (key btwaila)
[00:17:42] [main/DEBUG] (FabricLoader/Entrypoint) Registering new-style initializer teamport.aether.AetherClient for mod aether (key afterClientStart)
[00:17:42] [main/DEBUG] (FabricLoader/Entrypoint) Registering new-style initializer teamport.aether.models.AetherModels for mod aether (key initModels)
[00:17:42] [main/DEBUG] (FabricLoader/Entrypoint) Registering new-style initializer teamport.aether.compat.waila.AetherWailaLoadMixins for mod aether (key preLaunch)
[00:17:42] [main/DEBUG] (FabricLoader/Entrypoint) Registering new-style initializer turniplabs.halplibe.HalpLibe for mod halplibe (key main)
[00:17:42] [main/DEBUG] (FabricLoader/Entrypoint) Registering new-style initializer turniplabs.halplibe.HalpLibe for mod halplibe (key preLaunch)
[00:17:42] [main/INFO] (FabricLoader/Mixin) SpongePowered MIXIN Subsystem Version=0.8.5 Source=file:/var/home/Rin/.gradle/caches/modules-2/files-2.1/net.fabricmc/sponge-mixin/0.12.5+mixin.0.8.5/8d31fb97c3e0cd7c8dad3441851c523bcfae6d8e/sponge-mixin-0.12.5+mixin.0.8.5.jar Service=Knot/Fabric Env=CLIENT
[00:17:42] [main/DEBUG] (FabricLoader/Mixin) Initialising Mixin Platform Manager
[00:17:42] [main/DEBUG] (FabricLoader/Mixin) Adding mixin platform agents for container ContainerHandleURI(file:///var/home/Rin/.gradle/caches/modules-2/files-2.1/net.fabricmc/fabric-loader/0.15.6-bta.7/52a6ad2bdcf416d00a753996fe8bd8cc21bbb2d1/fabric-loader-0.15.6-bta.7.jar)
[00:17:42] [main/DEBUG] (FabricLoader/Mixin) Instancing new MixinPlatformAgentDefault for ContainerHandleURI(file:///var/home/Rin/.gradle/caches/modules-2/files-2.1/net.fabricmc/fabric-loader/0.15.6-bta.7/52a6ad2bdcf416d00a753996fe8bd8cc21bbb2d1/fabric-loader-0.15.6-bta.7.jar)
[00:17:42] [main/DEBUG] (FabricLoader/Mixin) MixinPlatformAgentDefault accepted container ContainerHandleURI(file:///var/home/Rin/.gradle/caches/modules-2/files-2.1/net.fabricmc/fabric-loader/0.15.6-bta.7/52a6ad2bdcf416d00a753996fe8bd8cc21bbb2d1/fabric-loader-0.15.6-bta.7.jar)
[00:17:42] [main/DEBUG] (FabricLoader/Mixin) Instancing new MixinPlatformAgentDefault for ContainerHandleURI(file:///var/home/Rin/.gradle/caches/modules-2/files-2.1/net.fabricmc/fabric-loader/0.15.6-bta.7/52a6ad2bdcf416d00a753996fe8bd8cc21bbb2d1/fabric-loader-0.15.6-bta.7.jar)
[00:17:42] [main/DEBUG] (FabricLoader/Mixin) MixinPlatformAgentDefault accepted container ContainerHandleURI(file:///var/home/Rin/.gradle/caches/modules-2/files-2.1/net.fabricmc/fabric-loader/0.15.6-bta.7/52a6ad2bdcf416d00a753996fe8bd8cc21bbb2d1/fabric-loader-0.15.6-bta.7.jar)
[00:17:42] [main/DEBUG] (FabricLoader/Mixin) Processing prepare() for PlatformAgent[MixinPlatformAgentDefault:ContainerHandleURI(file:///var/home/Rin/.gradle/caches/modules-2/files-2.1/net.fabricmc/fabric-loader/0.15.6-bta.7/52a6ad2bdcf416d00a753996fe8bd8cc21bbb2d1/fabric-loader-0.15.6-bta.7.jar)]
[00:17:42] [main/DEBUG] (FabricLoader/Mixin) Processing prepare() for PlatformAgent[MixinPlatformAgentDefault:ContainerHandleURI(file:///var/home/Rin/.gradle/caches/modules-2/files-2.1/net.fabricmc/fabric-loader/0.15.6-bta.7/52a6ad2bdcf416d00a753996fe8bd8cc21bbb2d1/fabric-loader-0.15.6-bta.7.jar)]
[00:17:42] [main/INFO] (FabricLoader/Mixin) Loaded Fabric development mappings for mixin remapper!
[00:17:42] [main/DEBUG] (FabricLoader/Mixin) Mixin config mixins.modmenu.json does not specify "minVersion" property
[00:17:42] [main/DEBUG] (FabricLoader/Knot) Adding /var/home/Rin/IdeaProjects/better-with-aether/build/classes/java/main to classpath.
[00:17:42] [main/DEBUG] (FabricLoader/Knot) Adding /var/home/Rin/IdeaProjects/better-with-aether/build/resources/main to classpath.
[00:17:42] [main/DEBUG] (FabricLoader/Knot) Adding /var/home/Rin/.gradle/caches/fabric-loom/7.3_04/loom.mappings.7_3_04.layered+hash.31-v2/mappings.jar to classpath.
[00:17:42] [main/DEBUG] (FabricLoader/Knot) Adding /var/home/Rin/.gradle/caches/modules-2/files-2.1/com.google.guava/guava/33.0.0-jre/161ba27964a62f241533807a46b8711b13c1d94b/guava-33.0.0-jre.jar to classpath.
[00:17:42] [main/DEBUG] (FabricLoader/Knot) Adding /var/home/Rin/.gradle/caches/modules-2/files-2.1/org.apache.logging.log4j/log4j-1.2-api/2.20.0/689151374756cb809cb029f2501015bdc7733179/log4j-1.2-api-2.20.0.jar to classpath.
[00:17:42] [main/DEBUG] (FabricLoader/Knot) Adding /var/home/Rin/.gradle/caches/modules-2/files-2.1/org.apache.commons/commons-lang3/3.12.0/c6842c86792ff03b9f1d1fe2aab8dc23aa6c6f0e/commons-lang3-3.12.0.jar to classpath.
[00:17:42] [main/DEBUG] (FabricLoader/Knot) Adding /var/home/Rin/.gradle/caches/modules-2/files-2.1/org.lwjgl/lwjgl-assimp/3.3.4/4651577de25afb21511c4b39e1ee3002ab1cad5d/lwjgl-assimp-3.3.4.jar to classpath.
[00:17:42] [main/DEBUG] (FabricLoader/Knot) Adding /var/home/Rin/.gradle/caches/modules-2/files-2.1/org.lwjgl/lwjgl-assimp/3.3.4/65a7534e8a97b340c5e9716e15339b2b8964d656/lwjgl-assimp-3.3.4-natives-windows.jar to classpath.
[00:17:42] [main/DEBUG] (FabricLoader/Knot) Adding /var/home/Rin/.gradle/caches/modules-2/files-2.1/org.lwjgl/lwjgl-assimp/3.3.4/711f816e22bbf89b27455a11a3871a370748b0f8/lwjgl-assimp-3.3.4-natives-linux.jar to classpath.
[00:17:42] [main/DEBUG] (FabricLoader/Knot) Adding /var/home/Rin/.gradle/caches/modules-2/files-2.1/org.lwjgl/lwjgl-glfw/3.3.4/7e46ecdec85db8738053cfde1414352cd62dab74/lwjgl-glfw-3.3.4.jar to classpath.
[00:17:42] [main/DEBUG] (FabricLoader/Knot) Adding /var/home/Rin/.gradle/caches/modules-2/files-2.1/org.lwjgl/lwjgl-glfw/3.3.4/370ef92d15819a123c643dd2b0fc3a2d40bb263c/lwjgl-glfw-3.3.4-natives-windows.jar to classpath.
[00:17:42] [main/DEBUG] (FabricLoader/Knot) Adding /var/home/Rin/.gradle/caches/modules-2/files-2.1/org.lwjgl/lwjgl-glfw/3.3.4/91e3d4b56d6d1369ef107b9d7801c9f38125c590/lwjgl-glfw-3.3.4-natives-linux.jar to classpath.
[00:17:42] [main/DEBUG] (FabricLoader/Knot) Adding /var/home/Rin/.gradle/caches/modules-2/files-2.1/org.lwjgl/lwjgl-openal/3.3.4/9b74d3ea380c83353d42af43ad9659e04dabe84a/lwjgl-openal-3.3.4.jar to classpath.
[00:17:42] [main/DEBUG] (FabricLoader/Knot) Adding /var/home/Rin/.gradle/caches/modules-2/files-2.1/org.lwjgl/lwjgl-openal/3.3.4/c4de8af803aacda71044418095a71cd63b569a15/lwjgl-openal-3.3.4-natives-windows.jar to classpath.
[00:17:42] [main/DEBUG] (FabricLoader/Knot) Adding /var/home/Rin/.gradle/caches/modules-2/files-2.1/org.lwjgl/lwjgl-openal/3.3.4/45189277b5ac64b849de7293e8b1ef2cf2082102/lwjgl-openal-3.3.4-natives-linux.jar to classpath.
[00:17:42] [main/DEBUG] (FabricLoader/Knot) Adding /var/home/Rin/.gradle/caches/modules-2/files-2.1/org.lwjgl/lwjgl-opengl/3.3.4/2852ac7d9f6fc71349f1ce28e2708ff1977f18af/lwjgl-opengl-3.3.4.jar to classpath.
[00:17:42] [main/DEBUG] (FabricLoader/Knot) Adding /var/home/Rin/.gradle/caches/modules-2/files-2.1/org.lwjgl/lwjgl-opengl/3.3.4/f7ca4e75573a9ce83075bd86bc8a3e49ff106696/lwjgl-opengl-3.3.4-natives-windows.jar to classpath.
[00:17:42] [main/DEBUG] (FabricLoader/Knot) Adding /var/home/Rin/.gradle/caches/modules-2/files-2.1/org.lwjgl/lwjgl-opengl/3.3.4/789df76d2e3da55349d858dfb81442149af7c7f4/lwjgl-opengl-3.3.4-natives-linux.jar to classpath.
[00:17:42] [main/DEBUG] (FabricLoader/Knot) Adding /var/home/Rin/.gradle/caches/modules-2/files-2.1/org.lwjgl/lwjgl-stb/3.3.4/5821735d5ef23f6da8542887344e57eb181b7cac/lwjgl-stb-3.3.4.jar to classpath.
[00:17:42] [main/DEBUG] (FabricLoader/Knot) Adding /var/home/Rin/.gradle/caches/modules-2/files-2.1/org.lwjgl/lwjgl-stb/3.3.4/8310e565463ec8d369528e8b26a9b1518d079a01/lwjgl-stb-3.3.4-natives-windows.jar to classpath.
[00:17:42] [main/DEBUG] (FabricLoader/Knot) Adding /var/home/Rin/.gradle/caches/modules-2/files-2.1/org.lwjgl/lwjgl-stb/3.3.4/dfc129f009495e6effe8a023d7c3f9cf519e86e3/lwjgl-stb-3.3.4-natives-linux.jar to classpath.
[00:17:42] [main/DEBUG] (FabricLoader/Knot) Adding /var/home/Rin/.gradle/caches/modules-2/files-2.1/org.lwjgl/lwjgl/3.3.4/b86c3e4832426e8a6b466013b7cb34b40e9ce956/lwjgl-3.3.4.jar to classpath.
[00:17:42] [main/DEBUG] (FabricLoader/Knot) Adding /var/home/Rin/.gradle/caches/modules-2/files-2.1/org.lwjgl/lwjgl/3.3.4/dd0927c1348cdcd9573fa24b7278ec1ac2bb0a76/lwjgl-3.3.4-natives-windows.jar to classpath.
[00:17:42] [main/DEBUG] (FabricLoader/Knot) Adding /var/home/Rin/.gradle/caches/modules-2/files-2.1/org.lwjgl/lwjgl/3.3.4/a7ccba1d3f2fef214943e74335a80cc65d04e49/lwjgl-3.3.4-natives-linux.jar to classpath.
[00:17:42] [main/DEBUG] (FabricLoader/Knot) Adding /var/home/Rin/.gradle/caches/modules-2/files-2.1/io.github.llamalad7/mixinextras-fabric/0.3.2/33c53c7014a170a9cdfbc801f7a77a0eefd3bd00/mixinextras-fabric-0.3.2.jar to classpath.
[00:17:42] [main/DEBUG] (FabricLoader/Knot) Adding /var/home/Rin/.gradle/caches/modules-2/files-2.1/net.fabricmc/dev-launch-injector/0.2.1+build.8/da8bef7e6e2f952da707f282bdb46882a0fce5e3/dev-launch-injector-0.2.1+build.8.jar to classpath.
[00:17:42] [main/DEBUG] (FabricLoader/Knot) Adding /var/home/Rin/.gradle/caches/modules-2/files-2.1/net.minecraft/launchwrapper/1.5/5150b9c2951f0fde987ce9c33496e26add1de224/launchwrapper-1.5.jar to classpath.
[00:17:42] [main/DEBUG] (FabricLoader/Knot) Adding /var/home/Rin/.gradle/caches/modules-2/files-2.1/net.sf.jopt-simple/jopt-simple/4.5/6065cc95c661255349c1d0756657be17c29a4fd3/jopt-simple-4.5.jar to classpath.
[00:17:42] [main/DEBUG] (FabricLoader/Knot) Adding /var/home/Rin/.gradle/caches/modules-2/files-2.1/net.java.jinput/jinput/2.0.5/39c7796b469a600f72380316f6b1f11db6c2c7c4/jinput-2.0.5.jar to classpath.
[00:17:42] [main/DEBUG] (FabricLoader/Knot) Adding /var/home/Rin/.gradle/caches/modules-2/files-2.1/net.java.jutils/jutils/1.0.0/e12fe1fda814bd348c1579329c86943d2cd3c6a6/jutils-1.0.0.jar to classpath.
[00:17:42] [main/DEBUG] (FabricLoader/Knot) Adding /var/home/Rin/.gradle/caches/modules-2/files-2.1/objects/client/43db9b498cb67058d2e12d394e6507722e71bb45/43db9b498cb67058d2e12d394e6507722e71bb45/client-43db9b498cb67058d2e12d394e6507722e71bb45.jar to classpath.
[00:17:42] [main/DEBUG] (FabricLoader/Knot) Adding /var/home/Rin/.gradle/caches/modules-2/files-2.1/com.github.Better-than-Adventure/legacy-lwjgl3/1.0.5/197b169ea79d3bc50547bc3209a39cdd5176770b/legacy-lwjgl3-1.0.5.jar to classpath.
[00:17:42] [main/DEBUG] (FabricLoader/Knot) Adding /var/home/Rin/.gradle/caches/modules-2/files-2.1/com.google.guava/failureaccess/1.0.2/c4a06a64e650562f30b7bf9aaec1bfed43aca12b/failureaccess-1.0.2.jar to classpath.
[00:17:42] [main/DEBUG] (FabricLoader/Knot) Adding /var/home/Rin/.gradle/caches/modules-2/files-2.1/com.google.guava/listenablefuture/9999.0-empty-to-avoid-conflict-with-guava/b421526c5f297295adef1c886e5246c39d4ac629/listenablefuture-9999.0-empty-to-avoid-conflict-with-guava.jar to classpath.
[00:17:42] [main/DEBUG] (FabricLoader/Knot) Adding /var/home/Rin/.gradle/caches/modules-2/files-2.1/com.google.code.findbugs/jsr305/3.0.2/25ea2e8b0c338a877313bd4672d3fe056ea78f0d/jsr305-3.0.2.jar to classpath.
[00:17:42] [main/DEBUG] (FabricLoader/Knot) Adding /var/home/Rin/.gradle/caches/modules-2/files-2.1/org.checkerframework/checker-qual/3.41.0/8be6df7f1e9bccb19f8f351b3651f0bac2f5e0c/checker-qual-3.41.0.jar to classpath.
[00:17:42] [main/DEBUG] (FabricLoader/Knot) Adding /var/home/Rin/.gradle/caches/modules-2/files-2.1/com.google.errorprone/error_prone_annotations/2.23.0/43a27853b6c7d54893e0b1997c2c778c347179eb/error_prone_annotations-2.23.0.jar to classpath.
[00:17:42] [main/DEBUG] (FabricLoader/Knot) Adding /var/home/Rin/.gradle/caches/modules-2/files-2.1/org.javassist/javassist/3.29.2-GA/6c32028609e5dd4a1b78e10fbcd122b09b3928b1/javassist-3.29.2-GA.jar to classpath.
[00:17:42] [main/DEBUG] (FabricLoader/Knot) Adding /var/home/Rin/IdeaProjects/better-with-aether/.gradle/loom-cache/remapped_mods/loom_mappings_7_3_04_layered_hash_31_v2/com/github/Turnip-Labs/bta-halplibe/5.3.1/bta-halplibe-5.3.1.jar to classpath.
[00:17:42] [main/DEBUG] (FabricLoader/Knot) Adding /var/home/Rin/IdeaProjects/better-with-aether/.gradle/loom-cache/remapped_mods/loom_mappings_7_3_04_layered_hash_31_v2/sunsetsatellite/catalyst-effects/2.5.1/catalyst-effects-2.5.1.jar to classpath.
[00:17:42] [main/DEBUG] (FabricLoader/Knot) Adding /var/home/Rin/IdeaProjects/better-with-aether/.gradle/loom-cache/remapped_mods/loom_mappings_7_3_04_layered_hash_31_v2/sunsetsatellite/catalyst-core/2.2.0/catalyst-core-2.2.0.jar to classpath.
[00:17:42] [main/DEBUG] (FabricLoader/Knot) Adding /var/home/Rin/IdeaProjects/better-with-aether/.gradle/loom-cache/remapped_mods/loom_mappings_7_3_04_layered_hash_31_v2/useless/btwaila/1.2.2-7.3_04/btwaila-1.2.2-7.3_04.jar to classpath.
[00:17:42] [main/DEBUG] (FabricLoader/Knot) Adding /var/home/Rin/IdeaProjects/better-with-aether/.gradle/loom-cache/remapped_mods/loom_mappings_7_3_04_layered_hash_31_v2/turniplabs/halplibe/5.3.1/halplibe-5.3.1.jar to classpath.
[00:17:42] [main/DEBUG] (FabricLoader/Knot) Adding /var/home/Rin/IdeaProjects/better-with-aether/.gradle/loom-cache/remapped_mods/loom_mappings_7_3_04_layered_hash_31_v2/turniplabs/modmenu-bta/3.0.0/modmenu-bta-3.0.0.jar to classpath.
[00:17:42] [main/DEBUG] (FabricLoader/Knot) Adding /var/home/Rin/IdeaProjects/better-with-aether/.gradle/loom-cache/remapped_mods/loom_mappings_7_3_04_layered_hash_31_v2/com/github/zarzelcow/legacy-lwjgl3/1.0.4/legacy-lwjgl3-1.0.4.jar to classpath.
[00:17:42] [main/DEBUG] (FabricLoader/Knot) Adding /var/home/Rin/IdeaProjects/better-with-aether/.gradle/loom-cache/remapped_mods/loom_mappings_7_3_04_layered_hash_31_v2/gungun974/UselessNumerical/1.1.0/UselessNumerical-1.1.0.jar to classpath.
[00:17:42] [main/DEBUG] (FabricLoader/Knot) Adding /var/home/Rin/.gradle/caches/modules-2/files-2.1/org.jline/jline-reader/3.20.0/8f15415b022a25b473e8e16c28ae913186ffb9c4/jline-reader-3.20.0.jar to classpath.
[00:17:42] [main/DEBUG] (FabricLoader/Knot) Adding /var/home/Rin/.gradle/caches/modules-2/files-2.1/org.jline/jline-terminal/3.20.0/d0ddcc708ddf527a3454c941b7b9225cc83a15ff/jline-terminal-3.20.0.jar to classpath.
[00:17:42] [main/DEBUG] (FabricLoader/Entrypoint) Iterating over entrypoint 'preLaunch'
[00:17:42] [main/DEBUG] (FabricLoader/Mixin) Preparing mixins for MixinEnvironment[DEFAULT]
[00:17:42] [main/DEBUG] (FabricLoader/Mixin) Selecting config catalyst-effects.mixins.json
[00:17:42] [main/DEBUG] (FabricLoader/Mixin) Remapping refMap catalyst-effects-refmap.json using remapper chain
[00:17:42] [main/DEBUG] (FabricLoader/Mixin) Selecting config btwaila.mixins.json
[00:17:42] [main/DEBUG] (FabricLoader/Mixin) Remapping refMap btwaila-refmap.json using remapper chain
[00:17:42] [main/DEBUG] (FabricLoader/Mixin) Selecting config uselessnumerical.mixins.json
[00:17:42] [main/DEBUG] (FabricLoader/Mixin) Remapping refMap uselessnumerical-refmap.json using remapper chain
[00:17:42] [main/DEBUG] (FabricLoader/Mixin) Selecting config mixinextras.init.mixins.json
[00:17:42] [main/DEBUG] (FabricLoader/MixinExtras|Service) com.llamalad7.mixinextras.service.MixinExtrasServiceImpl(version=0.3.2) is taking over from null
[00:17:42] [main/DEBUG] (FabricLoader/Mixin) Registering new injector for @Inject with org.spongepowered.asm.mixin.injection.struct.CallbackInjectionInfo
[00:17:42] [main/DEBUG] (FabricLoader/Mixin) Registering new injector for @ModifyArg with org.spongepowered.asm.mixin.injection.struct.ModifyArgInjectionInfo
[00:17:42] [main/DEBUG] (FabricLoader/Mixin) Registering new injector for @ModifyArgs with org.spongepowered.asm.mixin.injection.struct.ModifyArgsInjectionInfo
[00:17:42] [main/DEBUG] (FabricLoader/Mixin) Registering new injector for @Redirect with org.spongepowered.asm.mixin.injection.struct.RedirectInjectionInfo
[00:17:42] [main/DEBUG] (FabricLoader/Mixin) Registering new injector for @ModifyVariable with org.spongepowered.asm.mixin.injection.struct.ModifyVariableInjectionInfo
[00:17:42] [main/DEBUG] (FabricLoader/Mixin) Registering new injector for @ModifyConstant with org.spongepowered.asm.mixin.injection.struct.ModifyConstantInjectionInfo
[00:17:42] [main/DEBUG] (FabricLoader/Mixin) Selecting config mixins.modmenu.json
[00:17:42] [main/DEBUG] (FabricLoader/Mixin) Remapping refMap modmenu-bta-refmap.json using remapper chain
[00:17:42] [main/DEBUG] (FabricLoader/Mixin) Selecting config catalyst.mixins.json
[00:17:42] [main/DEBUG] (FabricLoader/Mixin) Remapping refMap catalyst-core-refmap.json using remapper chain
[00:17:42] [main/DEBUG] (FabricLoader/Mixin) Selecting config aether.mixins.json
[00:17:42] [main/DEBUG] (FabricLoader/Mixin) Selecting config halplibe.mixins.json
[00:17:42] [main/DEBUG] (FabricLoader/Mixin) Remapping refMap halplibe-refmap.json using remapper chain
[00:17:42] [main/DEBUG] (FabricLoader/Mixin) Preparing catalyst-effects.mixins.json (9)
[00:17:42] [main/DEBUG] (FabricLoader/Mixin) Preparing btwaila.mixins.json (8)
[00:17:42] [main/DEBUG] (FabricLoader/Mixin) Preparing uselessnumerical.mixins.json (9)
[00:17:42] [main/DEBUG] (FabricLoader/Mixin) Preparing mixinextras.init.mixins.json (0)
[00:17:42] [main/DEBUG] (FabricLoader/Mixin) Preparing mixins.modmenu.json (8)
[00:17:43] [main/DEBUG] (FabricLoader/Mixin) Preparing catalyst.mixins.json (17)
[00:17:43] [main/DEBUG] (FabricLoader/Mixin) Preparing aether.mixins.json (142)
[00:17:43] [main/DEBUG] (FabricLoader/Mixin) Preparing halplibe.mixins.json (25)
[00:17:43] [main/DEBUG] (FabricLoader/Mixin) Prepared 195 mixins in 0.776 sec (4.0ms avg) (0ms load, 0ms transform, 0ms plugin)
[00:17:43] [main/DEBUG] (FabricLoader/Mixin) Checking for additional mixins for MixinEnvironment[DEFAULT]
[00:17:43] [main/DEBUG] (FabricLoader/Mixin) Selecting config compat/aether/waila/waila.mixins.json
[00:17:43] [main/DEBUG] (FabricLoader/Mixin) Preparing compat/aether/waila/waila.mixins.json (1)
[00:17:43] [main/INFO] (halplibe) Config file name: halplibe.cfg
[00:17:43] [main/INFO] (halplibe) Config file path: /var/home/Rin/IdeaProjects/better-with-aether/config/halplibe.cfg
[00:17:43] [main/DEBUG] (FabricLoader/GameProvider) Launch arguments: [--assetIndex, 7.3_04-pre-1.6, --assetsDir, /var/home/Rin/.gradle/caches/fabric-loom/assets, --username, notch, --accessToken, FabricMC, --version, Fabric, --versionType, Fabric, --gameDir, /var/home/Rin/IdeaProjects/better-with-aether]
[00:17:43] [main/INFO] (FabricLoader/MixinExtras|Service) Initializing MixinExtras via com.llamalad7.mixinextras.service.MixinExtrasServiceImpl(version=0.3.2).
[00:17:43] [main/DEBUG] (FabricLoader/Mixin) Registering new injector for @SugarWrapper with com.llamalad7.mixinextras.sugar.impl.SugarWrapperInjectionInfo
[00:17:43] [main/DEBUG] (FabricLoader/Mixin) Registering new injector for @FactoryRedirectWrapper with com.llamalad7.mixinextras.wrapper.factory.FactoryRedirectWrapperInjectionInfo
[00:17:43] [main/DEBUG] (FabricLoader/Mixin) Mixing MinecraftMixin from catalyst-effects.mixins.json into net.minecraft.client.Minecraft
[00:17:43] [main/DEBUG] (FabricLoader/Mixin) Mixing MinecraftMixin from uselessnumerical.mixins.json into net.minecraft.client.Minecraft
[00:17:43] [main/DEBUG] (FabricLoader/Mixin) Mixing MinecraftAccessor from mixins.modmenu.json into net.minecraft.client.Minecraft
[00:17:43] [main/DEBUG] (FabricLoader/Mixin) Renaming @Invoker method getOS()Lnet/minecraft/core/enums/EnumOS; to getOS$modmenu_$md$1f3d86$0 in mixins.modmenu.json:MinecraftAccessor from mod modmenu
[00:17:43] [main/DEBUG] (FabricLoader/Mixin) Mixing gui.MinecraftMixinAddNewAchievements from aether.mixins.json into net.minecraft.client.Minecraft
[00:17:43] [main/DEBUG] (FabricLoader/Mixin) Mixing gui.screens.ResourceDownloadToastMixin from aether.mixins.json into net.minecraft.client.Minecraft
[00:17:43] [main/DEBUG] (FabricLoader/Mixin) Mixing MinecraftMixin from halplibe.mixins.json into net.minecraft.client.Minecraft
[00:17:43] [main/DEBUG] (FabricLoader/Mixin) catalyst-effects.mixins.json:MinecraftMixin from mod catalyst-effects->@Inject::saveEffectsOnDeath(ZILorg/spongepowered/asm/mixin/injection/callback/CallbackInfo;)V doesn't use it's CallbackInfo
[00:17:43] [main/DEBUG] (FabricLoader/Mixin) catalyst-effects.mixins.json:MinecraftMixin from mod catalyst-effects->@Inject::saveEffectsOnDeath(ZILorg/spongepowered/asm/mixin/injection/callback/CallbackInfo;)V has 0 override(s) in child classes
[00:17:43] [main/DEBUG] (FabricLoader/Mixin) catalyst-effects.mixins.json:MinecraftMixin from mod catalyst-effects->@Inject::saveEffectsOnDeath(ZILorg/spongepowered/asm/mixin/injection/callback/CallbackInfo;)V won't be passed a CallbackInfo as a result
[00:17:43] [main/DEBUG] (FabricLoader/Mixin) catalyst-effects.mixins.json:MinecraftMixin from mod catalyst-effects->@Inject::restoreEffectsOnRespawn(ZILorg/spongepowered/asm/mixin/injection/callback/CallbackInfo;)V doesn't use it's CallbackInfo
[00:17:43] [main/DEBUG] (FabricLoader/Mixin) catalyst-effects.mixins.json:MinecraftMixin from mod catalyst-effects->@Inject::restoreEffectsOnRespawn(ZILorg/spongepowered/asm/mixin/injection/callback/CallbackInfo;)V has 0 override(s) in child classes
[00:17:43] [main/DEBUG] (FabricLoader/Mixin) catalyst-effects.mixins.json:MinecraftMixin from mod catalyst-effects->@Inject::restoreEffectsOnRespawn(ZILorg/spongepowered/asm/mixin/injection/callback/CallbackInfo;)V won't be passed a CallbackInfo as a result
[00:17:43] [main/DEBUG] (FabricLoader/Mixin) uselessnumerical.mixins.json:MinecraftMixin from mod uselessnumerical->@Inject::afterGameStartEntrypoint(Lorg/spongepowered/asm/mixin/injection/callback/CallbackInfo;)V doesn't use it's CallbackInfo
[00:17:43] [main/DEBUG] (FabricLoader/Mixin) uselessnumerical.mixins.json:MinecraftMixin from mod uselessnumerical->@Inject::afterGameStartEntrypoint(Lorg/spongepowered/asm/mixin/injection/callback/CallbackInfo;)V has 0 override(s) in child classes
[00:17:43] [main/DEBUG] (FabricLoader/Mixin) uselessnumerical.mixins.json:MinecraftMixin from mod uselessnumerical->@Inject::afterGameStartEntrypoint(Lorg/spongepowered/asm/mixin/injection/callback/CallbackInfo;)V won't be passed a CallbackInfo as a result
[00:17:43] [main/DEBUG] (FabricLoader/Mixin) uselessnumerical.mixins.json:MinecraftMixin from mod uselessnumerical->@Inject::saveInstanceConfigurationInWorld(Ljava/lang/String;Ljava/lang/String;JLnet/minecraft/core/world/type/WorldTypeGroups$Group;Lorg/spongepowered/asm/mixin/injection/callback/CallbackInfo;)V doesn't use it's CallbackInfo
[00:17:43] [main/DEBUG] (FabricLoader/Mixin) uselessnumerical.mixins.json:MinecraftMixin from mod uselessnumerical->@Inject::saveInstanceConfigurationInWorld(Ljava/lang/String;Ljava/lang/String;JLnet/minecraft/core/world/type/WorldTypeGroups$Group;Lorg/spongepowered/asm/mixin/injection/callback/CallbackInfo;)V has 0 override(s) in child classes
[00:17:43] [main/DEBUG] (FabricLoader/Mixin) uselessnumerical.mixins.json:MinecraftMixin from mod uselessnumerical->@Inject::saveInstanceConfigurationInWorld(Ljava/lang/String;Ljava/lang/String;JLnet/minecraft/core/world/type/WorldTypeGroups$Group;Lorg/spongepowered/asm/mixin/injection/callback/CallbackInfo;)V won't be passed a CallbackInfo as a result
[00:17:43] [main/DEBUG] (FabricLoader/Mixin) uselessnumerical.mixins.json:MinecraftMixin from mod uselessnumerical->@Inject::saveInstanceConfigurationInWorld(Ljava/lang/String;Ljava/lang/String;JLnet/minecraft/core/world/type/WorldTypeGroups$Group;Lorg/spongepowered/asm/mixin/injection/callback/CallbackInfo;)V doesn't use it's CallbackInfo
[00:17:43] [main/DEBUG] (FabricLoader/Mixin) uselessnumerical.mixins.json:MinecraftMixin from mod uselessnumerical->@Inject::saveInstanceConfigurationInWorld(Ljava/lang/String;Ljava/lang/String;JLnet/minecraft/core/world/type/WorldTypeGroups$Group;Lorg/spongepowered/asm/mixin/injection/callback/CallbackInfo;)V has 0 override(s) in child classes
[00:17:43] [main/DEBUG] (FabricLoader/Mixin) uselessnumerical.mixins.json:MinecraftMixin from mod uselessnumerical->@Inject::saveInstanceConfigurationInWorld(Ljava/lang/String;Ljava/lang/String;JLnet/minecraft/core/world/type/WorldTypeGroups$Group;Lorg/spongepowered/asm/mixin/injection/callback/CallbackInfo;)V won't be passed a CallbackInfo as a result
[00:17:43] [main/DEBUG] (FabricLoader/Mixin) aether.mixins.json:gui.MinecraftMixinAddNewAchievements from mod aether->@Inject::initStats(Lorg/spongepowered/asm/mixin/injection/callback/CallbackInfo;)V doesn't use it's CallbackInfo
[00:17:43] [main/DEBUG] (FabricLoader/Mixin) aether.mixins.json:gui.MinecraftMixinAddNewAchievements from mod aether->@Inject::initStats(Lorg/spongepowered/asm/mixin/injection/callback/CallbackInfo;)V has 0 override(s) in child classes
[00:17:43] [main/DEBUG] (FabricLoader/Mixin) aether.mixins.json:gui.MinecraftMixinAddNewAchievements from mod aether->@Inject::initStats(Lorg/spongepowered/asm/mixin/injection/callback/CallbackInfo;)V won't be passed a CallbackInfo as a result
[00:17:43] [main/DEBUG] (FabricLoader/Mixin) aether.mixins.json:gui.screens.ResourceDownloadToastMixin from mod aether->@Inject::renderResourceToast(Lorg/spongepowered/asm/mixin/injection/callback/CallbackInfo;)V doesn't use it's CallbackInfo
[00:17:43] [main/DEBUG] (FabricLoader/Mixin) aether.mixins.json:gui.screens.ResourceDownloadToastMixin from mod aether->@Inject::renderResourceToast(Lorg/spongepowered/asm/mixin/injection/callback/CallbackInfo;)V has 0 override(s) in child classes
[00:17:43] [main/DEBUG] (FabricLoader/Mixin) aether.mixins.json:gui.screens.ResourceDownloadToastMixin from mod aether->@Inject::renderResourceToast(Lorg/spongepowered/asm/mixin/injection/callback/CallbackInfo;)V won't be passed a CallbackInfo as a result
[00:17:43] [main/DEBUG] (FabricLoader/Mixin) halplibe.mixins.json:MinecraftMixin from mod halplibe->@Inject::recipeEntrypoint(Lorg/spongepowered/asm/mixin/injection/callback/CallbackInfo;)V doesn't use it's CallbackInfo
[00:17:43] [main/DEBUG] (FabricLoader/Mixin) halplibe.mixins.json:MinecraftMixin from mod halplibe->@Inject::recipeEntrypoint(Lorg/spongepowered/asm/mixin/injection/callback/CallbackInfo;)V has 0 override(s) in child classes
[00:17:43] [main/DEBUG] (FabricLoader/Mixin) halplibe.mixins.json:MinecraftMixin from mod halplibe->@Inject::recipeEntrypoint(Lorg/spongepowered/asm/mixin/injection/callback/CallbackInfo;)V won't be passed a CallbackInfo as a result
[00:17:43] [main/DEBUG] (FabricLoader/Mixin) halplibe.mixins.json:MinecraftMixin from mod halplibe->@Inject::beforeGameStartEntrypoint(Lorg/spongepowered/asm/mixin/injection/callback/CallbackInfo;)V doesn't use it's CallbackInfo
[00:17:43] [main/DEBUG] (FabricLoader/Mixin) halplibe.mixins.json:MinecraftMixin from mod halplibe->@Inject::beforeGameStartEntrypoint(Lorg/spongepowered/asm/mixin/injection/callback/CallbackInfo;)V has 0 override(s) in child classes
[00:17:43] [main/DEBUG] (FabricLoader/Mixin) halplibe.mixins.json:MinecraftMixin from mod halplibe->@Inject::beforeGameStartEntrypoint(Lorg/spongepowered/asm/mixin/injection/callback/CallbackInfo;)V won't be passed a CallbackInfo as a result
[00:17:43] [main/DEBUG] (FabricLoader/Mixin) halplibe.mixins.json:MinecraftMixin from mod halplibe->@Inject::afterGameStartEntrypoint(Lorg/spongepowered/asm/mixin/injection/callback/CallbackInfo;)V doesn't use it's CallbackInfo
[00:17:43] [main/DEBUG] (FabricLoader/Mixin) halplibe.mixins.json:MinecraftMixin from mod halplibe->@Inject::afterGameStartEntrypoint(Lorg/spongepowered/asm/mixin/injection/callback/CallbackInfo;)V has 0 override(s) in child classes
[00:17:43] [main/DEBUG] (FabricLoader/Mixin) halplibe.mixins.json:MinecraftMixin from mod halplibe->@Inject::afterGameStartEntrypoint(Lorg/spongepowered/asm/mixin/injection/callback/CallbackInfo;)V won't be passed a CallbackInfo as a result
[00:17:43] [main/DEBUG] (FabricLoader/Mixin) halplibe.mixins.json:MinecraftMixin from mod halplibe->@Inject::afterBlockInitEntrypoint(Lorg/spongepowered/asm/mixin/injection/callback/CallbackInfo;)V doesn't use it's CallbackInfo
[00:17:43] [main/DEBUG] (FabricLoader/Mixin) halplibe.mixins.json:MinecraftMixin from mod halplibe->@Inject::afterBlockInitEntrypoint(Lorg/spongepowered/asm/mixin/injection/callback/CallbackInfo;)V has 0 override(s) in child classes
[00:17:43] [main/DEBUG] (FabricLoader/Mixin) halplibe.mixins.json:MinecraftMixin from mod halplibe->@Inject::afterBlockInitEntrypoint(Lorg/spongepowered/asm/mixin/injection/callback/CallbackInfo;)V won't be passed a CallbackInfo as a result
[00:17:43] [main/DEBUG] (FabricLoader/Mixin) halplibe.mixins.json:MinecraftMixin from mod halplibe->@Inject::afterItemInitEntrypoint(Lorg/spongepowered/asm/mixin/injection/callback/CallbackInfo;)V doesn't use it's CallbackInfo
[00:17:43] [main/DEBUG] (FabricLoader/Mixin) halplibe.mixins.json:MinecraftMixin from mod halplibe->@Inject::afterItemInitEntrypoint(Lorg/spongepowered/asm/mixin/injection/callback/CallbackInfo;)V has 0 override(s) in child classes
[00:17:43] [main/DEBUG] (FabricLoader/Mixin) halplibe.mixins.json:MinecraftMixin from mod halplibe->@Inject::afterItemInitEntrypoint(Lorg/spongepowered/asm/mixin/injection/callback/CallbackInfo;)V won't be passed a CallbackInfo as a result
[00:17:43] [main/DEBUG] (FabricLoader/Mixin) halplibe.mixins.json:MinecraftMixin from mod halplibe->@Inject::initStats(Lorg/spongepowered/asm/mixin/injection/callback/CallbackInfo;)V doesn't use it's CallbackInfo
[00:17:43] [main/DEBUG] (FabricLoader/Mixin) halplibe.mixins.json:MinecraftMixin from mod halplibe->@Inject::initStats(Lorg/spongepowered/asm/mixin/injection/callback/CallbackInfo;)V has 0 override(s) in child classes
[00:17:43] [main/DEBUG] (FabricLoader/Mixin) halplibe.mixins.json:MinecraftMixin from mod halplibe->@Inject::initStats(Lorg/spongepowered/asm/mixin/injection/callback/CallbackInfo;)V won't be passed a CallbackInfo as a result
[00:17:43] [main/DEBUG] (FabricLoader/Mixin) halplibe.mixins.json:MinecraftMixin from mod halplibe->@Inject::printWrongJavaVersionInfo(Lorg/spongepowered/asm/mixin/injection/callback/CallbackInfo;)V does use it's CallbackInfo
[00:17:43] [main/DEBUG] (FabricLoader/Mixin) Mixing accessory.trinket.BlockLogicSlipperyNegationMixin from aether.mixins.json into net.minecraft.core.entity.Mob
[00:17:43] [main/DEBUG] (FabricLoader/Mixin) Mixing accessory.trinket.PlayerMixinPendantFallDamageModifier from aether.mixins.json into net.minecraft.core.entity.Mob
[00:17:43] [main/DEBUG] (FabricLoader/Mixin) Mixing armor.player.gravitite.MobMixinJump from aether.mixins.json into net.minecraft.core.entity.Mob
[00:17:43] [main/DEBUG] (FabricLoader/Mixin) Mixing armor.player.neptune.MobMixinSwimming from aether.mixins.json into net.minecraft.core.entity.Mob
[00:17:43] [main/DEBUG] (FabricLoader/Mixin) Mixing armor.player.obsidian.MobMixinDrowning from aether.mixins.json into net.minecraft.core.entity.Mob
[00:17:43] [main/DEBUG] (FabricLoader/Mixin) Mixing armor.wolf.MobMixinBlastImmunity from aether.mixins.json into net.minecraft.core.entity.Mob
[00:17:43] [main/DEBUG] (FabricLoader/Mixin) Mixing item.SkyrootSwordDropMultiplier from aether.mixins.json into net.minecraft.core.entity.Mob
[00:17:43] [main/DEBUG] (FabricLoader/Mixin) aether.mixins.json:armor.player.gravitite.MobMixinJump from mod aether->@Inject::aether$jump(Lorg/spongepowered/asm/mixin/injection/callback/CallbackInfo;)V doesn't use it's CallbackInfo
[00:17:43] [main/DEBUG] (FabricLoader/Mixin) aether.mixins.json:armor.player.gravitite.MobMixinJump from mod aether->@Inject::aether$jump(Lorg/spongepowered/asm/mixin/injection/callback/CallbackInfo;)V has 0 override(s) in child classes
[00:17:43] [main/DEBUG] (FabricLoader/Mixin) aether.mixins.json:armor.player.gravitite.MobMixinJump from mod aether->@Inject::aether$jump(Lorg/spongepowered/asm/mixin/injection/callback/CallbackInfo;)V won't be passed a CallbackInfo as a result
[00:17:43] [main/DEBUG] (FabricLoader/Mixin) aether.mixins.json:armor.player.gravitite.MobMixinJump from mod aether->@Inject::aether$onLivingUpdate(Lorg/spongepowered/asm/mixin/injection/callback/CallbackInfo;)V doesn't use it's CallbackInfo
[00:17:43] [main/DEBUG] (FabricLoader/Mixin) aether.mixins.json:armor.player.gravitite.MobMixinJump from mod aether->@Inject::aether$onLivingUpdate(Lorg/spongepowered/asm/mixin/injection/callback/CallbackInfo;)V has 0 override(s) in child classes
[00:17:43] [main/DEBUG] (FabricLoader/Mixin) aether.mixins.json:armor.player.gravitite.MobMixinJump from mod aether->@Inject::aether$onLivingUpdate(Lorg/spongepowered/asm/mixin/injection/callback/CallbackInfo;)V won't be passed a CallbackInfo as a result
[00:17:43] [main/DEBUG] (FabricLoader/Mixin) aether.mixins.json:armor.player.neptune.MobMixinSwimming from mod aether->@Inject::aether$changeGravity(FFLorg/spongepowered/asm/mixin/injection/callback/CallbackInfo;)V doesn't use it's CallbackInfo
[00:17:43] [main/DEBUG] (FabricLoader/Mixin) aether.mixins.json:armor.player.neptune.MobMixinSwimming from mod aether->@Inject::aether$changeGravity(FFLorg/spongepowered/asm/mixin/injection/callback/CallbackInfo;)V has 0 override(s) in child classes
[00:17:43] [main/DEBUG] (FabricLoader/Mixin) aether.mixins.json:armor.player.neptune.MobMixinSwimming from mod aether->@Inject::aether$changeGravity(FFLorg/spongepowered/asm/mixin/injection/callback/CallbackInfo;)V won't be passed a CallbackInfo as a result
[00:17:43] [main/DEBUG] (FabricLoader/Mixin) aether.mixins.json:armor.player.obsidian.MobMixinDrowning from mod aether->@Inject::aether$changeGravity(FFLorg/spongepowered/asm/mixin/injection/callback/CallbackInfo;)V doesn't use it's CallbackInfo
[00:17:43] [main/DEBUG] (FabricLoader/Mixin) aether.mixins.json:armor.player.obsidian.MobMixinDrowning from mod aether->@Inject::aether$changeGravity(FFLorg/spongepowered/asm/mixin/injection/callback/CallbackInfo;)V has 0 override(s) in child classes
[00:17:43] [main/DEBUG] (FabricLoader/Mixin) aether.mixins.json:armor.player.obsidian.MobMixinDrowning from mod aether->@Inject::aether$changeGravity(FFLorg/spongepowered/asm/mixin/injection/callback/CallbackInfo;)V won't be passed a CallbackInfo as a result
[00:17:43] [main/DEBUG] (FabricLoader/Mixin) aether.mixins.json:armor.wolf.MobMixinBlastImmunity from mod aether->@Inject::negateDamage(Lnet/minecraft/core/entity/Entity;ILnet/minecraft/core/util/helper/DamageType;Lorg/spongepowered/asm/mixin/injection/callback/CallbackInfoReturnable;)V does use it's CallbackInfoReturnable
[00:17:43] [main/DEBUG] (FabricLoader/Mixin) aether.mixins.json:armor.wolf.MobMixinBlastImmunity from mod aether->@Inject::negateDamage(Lnet/minecraft/core/entity/Entity;ILnet/minecraft/core/util/helper/DamageType;Lorg/spongepowered/asm/mixin/injection/callback/CallbackInfoReturnable;)V does use it's CallbackInfoReturnable
[00:17:43] [main/DEBUG] (FabricLoader/Mixin) aether.mixins.json:armor.wolf.MobMixinBlastImmunity from mod aether->@Inject::negateDamage(Lnet/minecraft/core/entity/Entity;ILnet/minecraft/core/util/helper/DamageType;Lorg/spongepowered/asm/mixin/injection/callback/CallbackInfoReturnable;)V does use it's CallbackInfoReturnable
[00:17:43] [main/DEBUG] (FabricLoader/Mixin) aether.mixins.json:item.SkyrootSwordDropMultiplier from mod aether->@Inject::multiplyDrop(Lnet/minecraft/core/entity/Entity;Lorg/spongepowered/asm/mixin/injection/callback/CallbackInfo;)V doesn't use it's CallbackInfo
[00:17:43] [main/DEBUG] (FabricLoader/Mixin) aether.mixins.json:item.SkyrootSwordDropMultiplier from mod aether->@Inject::multiplyDrop(Lnet/minecraft/core/entity/Entity;Lorg/spongepowered/asm/mixin/injection/callback/CallbackInfo;)V has 0 override(s) in child classes
[00:17:43] [main/DEBUG] (FabricLoader/Mixin) aether.mixins.json:item.SkyrootSwordDropMultiplier from mod aether->@Inject::multiplyDrop(Lnet/minecraft/core/entity/Entity;Lorg/spongepowered/asm/mixin/injection/callback/CallbackInfo;)V won't be passed a CallbackInfo as a result
[00:17:43] [main/DEBUG] (FabricLoader/Mixin) Mixing EntityMixin from catalyst-effects.mixins.json into net.minecraft.core.entity.Entity
[00:17:43] [main/DEBUG] (FabricLoader/Mixin) Renaming synthetic method lambda$init$1(Lsunsetsatellite/catalyst/effects/api/attribute/Attribute;)V to md1f3d86$catalyst-effects$lambda$init$1$0 in catalyst-effects.mixins.json:EntityMixin from mod catalyst-effects
[00:17:43] [main/DEBUG] (FabricLoader/Mixin) Renaming synthetic method lambda$init$0(Ljava/lang/Class;)Z to md1f3d86$catalyst-effects$lambda$init$0$1 in catalyst-effects.mixins.json:EntityMixin from mod catalyst-effects
[00:17:43] [main/DEBUG] (FabricLoader/Mixin) Mixing accessors.EntityAccessor from aether.mixins.json into net.minecraft.core.entity.Entity
[00:17:43] [main/DEBUG] (FabricLoader/Mixin) Mixing armor.EntityMixinIgnitionImmunity from aether.mixins.json into net.minecraft.core.entity.Entity
[00:17:43] [main/DEBUG] (FabricLoader/Mixin) Mixing dimension.bumpToOverworld.EntityBumpToOverworldMixin from aether.mixins.json into net.minecraft.core.entity.Entity
[00:17:43] [main/DEBUG] (FabricLoader/Mixin) Mixing entity.EntityLightningBoltMixin from aether.mixins.json into net.minecraft.core.entity.Entity
[00:17:43] [main/DEBUG] (FabricLoader/Mixin) Mixing entity.EntityMixin from aether.mixins.json into net.minecraft.core.entity.Entity
[00:17:43] [main/DEBUG] (FabricLoader/Mixin) catalyst-effects.mixins.json:EntityMixin from mod catalyst-effects->@Inject::init(Lnet/minecraft/core/world/World;Lorg/spongepowered/asm/mixin/injection/callback/CallbackInfo;)V doesn't use it's CallbackInfo
[00:17:43] [main/DEBUG] (FabricLoader/Mixin) catalyst-effects.mixins.json:EntityMixin from mod catalyst-effects->@Inject::init(Lnet/minecraft/core/world/World;Lorg/spongepowered/asm/mixin/injection/callback/CallbackInfo;)V has 0 override(s) in child classes
[00:17:43] [main/DEBUG] (FabricLoader/Mixin) catalyst-effects.mixins.json:EntityMixin from mod catalyst-effects->@Inject::init(Lnet/minecraft/core/world/World;Lorg/spongepowered/asm/mixin/injection/callback/CallbackInfo;)V won't be passed a CallbackInfo as a result
[00:17:43] [main/DEBUG] (FabricLoader/Mixin) catalyst-effects.mixins.json:EntityMixin from mod catalyst-effects->@Inject::tick(Lorg/spongepowered/asm/mixin/injection/callback/CallbackInfo;)V doesn't use it's CallbackInfo
[00:17:43] [main/DEBUG] (FabricLoader/Mixin) catalyst-effects.mixins.json:EntityMixin from mod catalyst-effects->@Inject::tick(Lorg/spongepowered/asm/mixin/injection/callback/CallbackInfo;)V has 0 override(s) in child classes
[00:17:43] [main/DEBUG] (FabricLoader/Mixin) catalyst-effects.mixins.json:EntityMixin from mod catalyst-effects->@Inject::tick(Lorg/spongepowered/asm/mixin/injection/callback/CallbackInfo;)V won't be passed a CallbackInfo as a result
[00:17:43] [main/DEBUG] (FabricLoader/Mixin) catalyst-effects.mixins.json:EntityMixin from mod catalyst-effects->@Inject::addAdditionalSaveData(Lcom/mojang/nbt/tags/CompoundTag;Lorg/spongepowered/asm/mixin/injection/callback/CallbackInfo;)V doesn't use it's CallbackInfo
[00:17:43] [main/DEBUG] (FabricLoader/Mixin) catalyst-effects.mixins.json:EntityMixin from mod catalyst-effects->@Inject::addAdditionalSaveData(Lcom/mojang/nbt/tags/CompoundTag;Lorg/spongepowered/asm/mixin/injection/callback/CallbackInfo;)V has 0 override(s) in child classes
[00:17:43] [main/DEBUG] (FabricLoader/Mixin) catalyst-effects.mixins.json:EntityMixin from mod catalyst-effects->@Inject::addAdditionalSaveData(Lcom/mojang/nbt/tags/CompoundTag;Lorg/spongepowered/asm/mixin/injection/callback/CallbackInfo;)V won't be passed a CallbackInfo as a result
[00:17:43] [main/DEBUG] (FabricLoader/Mixin) catalyst-effects.mixins.json:EntityMixin from mod catalyst-effects->@Inject::readAdditionalSaveData(Lcom/mojang/nbt/tags/CompoundTag;Lorg/spongepowered/asm/mixin/injection/callback/CallbackInfo;)V doesn't use it's CallbackInfo
[00:17:43] [main/DEBUG] (FabricLoader/Mixin) catalyst-effects.mixins.json:EntityMixin from mod catalyst-effects->@Inject::readAdditionalSaveData(Lcom/mojang/nbt/tags/CompoundTag;Lorg/spongepowered/asm/mixin/injection/callback/CallbackInfo;)V has 0 override(s) in child classes
[00:17:43] [main/DEBUG] (FabricLoader/Mixin) catalyst-effects.mixins.json:EntityMixin from mod catalyst-effects->@Inject::readAdditionalSaveData(Lcom/mojang/nbt/tags/CompoundTag;Lorg/spongepowered/asm/mixin/injection/callback/CallbackInfo;)V won't be passed a CallbackInfo as a result
[00:17:43] [main/DEBUG] (FabricLoader/Mixin) aether.mixins.json:armor.EntityMixinIgnitionImmunity from mod aether->@Inject::aether$cantCatchFire(Lorg/spongepowered/asm/mixin/injection/callback/CallbackInfoReturnable;)V does use it's CallbackInfoReturnable
[00:17:43] [main/DEBUG] (FabricLoader/Mixin) aether.mixins.json:dimension.bumpToOverworld.EntityBumpToOverworldMixin from mod aether->@Inject::fallToOverWorld(Lorg/spongepowered/asm/mixin/injection/callback/CallbackInfo;)V doesn't use it's CallbackInfo
[00:17:43] [main/DEBUG] (FabricLoader/Mixin) aether.mixins.json:dimension.bumpToOverworld.EntityBumpToOverworldMixin from mod aether->@Inject::fallToOverWorld(Lorg/spongepowered/asm/mixin/injection/callback/CallbackInfo;)V has 0 override(s) in child classes
[00:17:43] [main/DEBUG] (FabricLoader/Mixin) aether.mixins.json:dimension.bumpToOverworld.EntityBumpToOverworldMixin from mod aether->@Inject::fallToOverWorld(Lorg/spongepowered/asm/mixin/injection/callback/CallbackInfo;)V won't be passed a CallbackInfo as a result
[00:17:43] [main/DEBUG] (FabricLoader/Mixin) aether.mixins.json:entity.EntityLightningBoltMixin from mod aether->@Inject::thunderHit(Lnet/minecraft/core/entity/EntityLightning;Lorg/spongepowered/asm/mixin/injection/callback/CallbackInfo;)V doesn't use it's CallbackInfo
[00:17:43] [main/DEBUG] (FabricLoader/Mixin) aether.mixins.json:entity.EntityLightningBoltMixin from mod aether->@Inject::thunderHit(Lnet/minecraft/core/entity/EntityLightning;Lorg/spongepowered/asm/mixin/injection/callback/CallbackInfo;)V has 0 override(s) in child classes
[00:17:43] [main/DEBUG] (FabricLoader/Mixin) aether.mixins.json:entity.EntityLightningBoltMixin from mod aether->@Inject::thunderHit(Lnet/minecraft/core/entity/EntityLightning;Lorg/spongepowered/asm/mixin/injection/callback/CallbackInfo;)V won't be passed a CallbackInfo as a result
[00:17:43] [main/DEBUG] (FabricLoader/Mixin) aether.mixins.json:entity.EntityMixin from mod aether->@Inject::tick(Lorg/spongepowered/asm/mixin/injection/callback/CallbackInfo;)V doesn't use it's CallbackInfo
[00:17:43] [main/DEBUG] (FabricLoader/Mixin) aether.mixins.json:entity.EntityMixin from mod aether->@Inject::tick(Lorg/spongepowered/asm/mixin/injection/callback/CallbackInfo;)V has 0 override(s) in child classes
[00:17:43] [main/DEBUG] (FabricLoader/Mixin) aether.mixins.json:entity.EntityMixin from mod aether->@Inject::tick(Lorg/spongepowered/asm/mixin/injection/callback/CallbackInfo;)V won't be passed a CallbackInfo as a result
[00:17:43] [main/DEBUG] (FabricLoader/Mixin) Mixing PlayerLocalMixin from catalyst.mixins.json into net.minecraft.client.entity.player.PlayerLocal
[00:17:43] [main/DEBUG] (FabricLoader/Mixin) Mixing player.PlayerLocalHandleAetherRideableMixin from aether.mixins.json into net.minecraft.client.entity.player.PlayerLocal
[00:17:43] [main/DEBUG] (FabricLoader/Mixin) Mixing gui.screens.PlayerLocalMixinAetherScreens from aether.mixins.json into net.minecraft.client.entity.player.PlayerLocal
[00:17:43] [main/DEBUG] (FabricLoader/Mixin) Mixing player.PlayerLocalPortalNoiseMixin from aether.mixins.json into net.minecraft.client.entity.player.PlayerLocal
[00:17:43] [main/DEBUG] (FabricLoader/Mixin) aether.mixins.json:player.PlayerLocalHandleAetherRideableMixin from mod aether->@Inject::handleAetherRideableControl(Lorg/spongepowered/asm/mixin/injection/callback/CallbackInfo;)V doesn't use it's CallbackInfo
[00:17:43] [main/DEBUG] (FabricLoader/Mixin) aether.mixins.json:player.PlayerLocalHandleAetherRideableMixin from mod aether->@Inject::handleAetherRideableControl(Lorg/spongepowered/asm/mixin/injection/callback/CallbackInfo;)V has 0 override(s) in child classes
[00:17:43] [main/DEBUG] (FabricLoader/Mixin) aether.mixins.json:player.PlayerLocalHandleAetherRideableMixin from mod aether->@Inject::handleAetherRideableControl(Lorg/spongepowered/asm/mixin/injection/callback/CallbackInfo;)V won't be passed a CallbackInfo as a result
[00:17:43] [main/DEBUG] (FabricLoader/Mixin) Mixing PlayerExtraHealthMixin from catalyst-effects.mixins.json into net.minecraft.core.entity.player.Player
[00:17:43] [main/DEBUG] (FabricLoader/Mixin) Mixing PlayerMixin from catalyst-effects.mixins.json into net.minecraft.core.entity.player.Player
[00:17:43] [main/DEBUG] (FabricLoader/Mixin) Renaming synthetic method lambda$init$0(Lnet/minecraft/core/entity/player/Player;)Ljava/util/List; to md1f3d86$catalyst-effects$lambda$init$0$0 in catalyst-effects.mixins.json:PlayerMixin from mod catalyst-effects
[00:17:43] [main/DEBUG] (FabricLoader/Mixin) Mixing PlayerMixin from catalyst.mixins.json into net.minecraft.core.entity.player.Player
[00:17:43] [main/DEBUG] (FabricLoader/Mixin) Mixing PlayerMixinDamageTypes from aether.mixins.json into net.minecraft.core.entity.player.Player
[00:17:43] [main/DEBUG] (FabricLoader/Mixin) Mixing accessory.cape.invisibilitycape.player.PlayerMixinInvisibility from aether.mixins.json into net.minecraft.core.entity.player.Player
[00:17:43] [main/DEBUG] (FabricLoader/Mixin) Mixing accessory.quiver.PlayerMixinNextArrow from aether.mixins.json into net.minecraft.core.entity.player.Player
[00:17:43] [main/DEBUG] (FabricLoader/Mixin) Mixing accessory.trinket.PlayerMixinRepulsion from aether.mixins.json into net.minecraft.core.entity.player.Player
[00:17:43] [main/DEBUG] (FabricLoader/Mixin) Mixing armor.player.neptune.PlayerMixinMining from aether.mixins.json into net.minecraft.core.entity.player.Player
[00:17:43] [main/DEBUG] (FabricLoader/Mixin) Mixing armor.player.obsidian.PlayerMixinBlastImmunity from aether.mixins.json into net.minecraft.core.entity.player.Player
[00:17:43] [main/DEBUG] (FabricLoader/Mixin) Mixing armor.player.obsidian.PlayerMixinNoKnockback from aether.mixins.json into net.minecraft.core.entity.player.Player
[00:17:43] [main/DEBUG] (FabricLoader/Mixin) Mixing armor.player.phoenix.PlayerMixinFireImmunity from aether.mixins.json into net.minecraft.core.entity.player.Player
[00:17:43] [main/DEBUG] (FabricLoader/Mixin) Mixing gui.screens.PlayerMixinAetherScreens from aether.mixins.json into net.minecraft.core.entity.player.Player
[00:17:43] [main/DEBUG] (FabricLoader/Mixin) Mixing player.PlayerBossListMixin from aether.mixins.json into net.minecraft.core.entity.player.Player
[00:17:43] [main/DEBUG] (FabricLoader/Mixin) Mixing player.PlayerDeathMessageMixin from aether.mixins.json into net.minecraft.core.entity.player.Player
[00:17:43] [main/DEBUG] (FabricLoader/Mixin) Mixing player.PlayerFixArmorMixin from aether.mixins.json into net.minecraft.core.entity.player.Player
[00:17:43] [main/DEBUG] (FabricLoader/Mixin) Mixing player.PlayerGetNextDartMixin from aether.mixins.json into net.minecraft.core.entity.player.Player
[00:17:43] [main/DEBUG] (FabricLoader/Mixin) Mixing player.PlayerMixinDevDrops from aether.mixins.json into net.minecraft.core.entity.player.Player
[00:17:43] [main/DEBUG] (FabricLoader/Mixin) Mixing achievement.HostileParadiseMixin from aether.mixins.json into net.minecraft.core.entity.player.Player
[00:17:43] [main/DEBUG] (FabricLoader/Mixin) Mixing dimension.bumpToOverworld.SPBumpToOverworldMixin from aether.mixins.json into net.minecraft.core.entity.player.Player
[00:17:43] [main/DEBUG] (FabricLoader/Mixin) catalyst-effects.mixins.json:PlayerExtraHealthMixin from mod catalyst-effects->@Inject::getMaxHealth(Lorg/spongepowered/asm/mixin/injection/callback/CallbackInfoReturnable;)V does use it's CallbackInfoReturnable
[00:17:43] [main/DEBUG] (FabricLoader/Mixin) catalyst-effects.mixins.json:PlayerMixin from mod catalyst-effects->@Inject::init(Lnet/minecraft/core/world/World;Lorg/spongepowered/asm/mixin/injection/callback/CallbackInfo;)V doesn't use it's CallbackInfo
[00:17:43] [main/DEBUG] (FabricLoader/Mixin) catalyst-effects.mixins.json:PlayerMixin from mod catalyst-effects->@Inject::init(Lnet/minecraft/core/world/World;Lorg/spongepowered/asm/mixin/injection/callback/CallbackInfo;)V has 0 override(s) in child classes
[00:17:43] [main/DEBUG] (FabricLoader/Mixin) catalyst-effects.mixins.json:PlayerMixin from mod catalyst-effects->@Inject::init(Lnet/minecraft/core/world/World;Lorg/spongepowered/asm/mixin/injection/callback/CallbackInfo;)V won't be passed a CallbackInfo as a result
[00:17:43] [main/DEBUG] (FabricLoader/Mixin) aether.mixins.json:PlayerMixinDamageTypes from mod aether->@Inject::addedEffectsWithGloves(Lnet/minecraft/core/entity/Entity;Lorg/spongepowered/asm/mixin/injection/callback/CallbackInfo;)V doesn't use it's CallbackInfo
[00:17:43] [main/DEBUG] (FabricLoader/Mixin) aether.mixins.json:PlayerMixinDamageTypes from mod aether->@Inject::addedEffectsWithGloves(Lnet/minecraft/core/entity/Entity;Lorg/spongepowered/asm/mixin/injection/callback/CallbackInfo;)V has 0 override(s) in child classes
[00:17:43] [main/DEBUG] (FabricLoader/Mixin) aether.mixins.json:PlayerMixinDamageTypes from mod aether->@Inject::addedEffectsWithGloves(Lnet/minecraft/core/entity/Entity;Lorg/spongepowered/asm/mixin/injection/callback/CallbackInfo;)V won't be passed a CallbackInfo as a result
[00:17:43] [main/DEBUG] (FabricLoader/Mixin) aether.mixins.json:armor.player.obsidian.PlayerMixinBlastImmunity from mod aether->@Inject::negateDamage(Lnet/minecraft/core/entity/Entity;ILnet/minecraft/core/util/helper/DamageType;Lorg/spongepowered/asm/mixin/injection/callback/CallbackInfoReturnable;)V does use it's CallbackInfoReturnable
[00:17:43] [main/DEBUG] (FabricLoader/Mixin) aether.mixins.json:armor.player.phoenix.PlayerMixinFireImmunity from mod aether->@Inject::tick(Lorg/spongepowered/asm/mixin/injection/callback/CallbackInfo;)V doesn't use it's CallbackInfo
[00:17:43] [main/DEBUG] (FabricLoader/Mixin) aether.mixins.json:armor.player.phoenix.PlayerMixinFireImmunity from mod aether->@Inject::tick(Lorg/spongepowered/asm/mixin/injection/callback/CallbackInfo;)V has 0 override(s) in child classes
[00:17:43] [main/DEBUG] (FabricLoader/Mixin) aether.mixins.json:armor.player.phoenix.PlayerMixinFireImmunity from mod aether->@Inject::tick(Lorg/spongepowered/asm/mixin/injection/callback/CallbackInfo;)V won't be passed a CallbackInfo as a result
[00:17:43] [main/DEBUG] (FabricLoader/Mixin) aether.mixins.json:armor.player.phoenix.PlayerMixinFireImmunity from mod aether->@Inject::aether$lavaImmunity(Lorg/spongepowered/asm/mixin/injection/callback/CallbackInfo;)V does use it's CallbackInfo
[00:17:43] [main/DEBUG] (FabricLoader/Mixin) aether.mixins.json:armor.player.phoenix.PlayerMixinFireImmunity from mod aether->@Inject::aether$fireImmunity(Lorg/spongepowered/asm/mixin/injection/callback/CallbackInfo;)V does use it's CallbackInfo
[00:17:43] [main/DEBUG] (FabricLoader/Mixin) aether.mixins.json:player.PlayerBossListMixin from mod aether->@Inject::attackTargetEntityWithCurrentItem(Lnet/minecraft/core/entity/Entity;Lorg/spongepowered/asm/mixin/injection/callback/CallbackInfo;)V doesn't use it's CallbackInfo
[00:17:43] [main/DEBUG] (FabricLoader/Mixin) aether.mixins.json:player.PlayerBossListMixin from mod aether->@Inject::attackTargetEntityWithCurrentItem(Lnet/minecraft/core/entity/Entity;Lorg/spongepowered/asm/mixin/injection/callback/CallbackInfo;)V has 0 override(s) in child classes
[00:17:43] [main/DEBUG] (FabricLoader/Mixin) aether.mixins.json:player.PlayerBossListMixin from mod aether->@Inject::attackTargetEntityWithCurrentItem(Lnet/minecraft/core/entity/Entity;Lorg/spongepowered/asm/mixin/injection/callback/CallbackInfo;)V won't be passed a CallbackInfo as a result
[00:17:43] [main/DEBUG] (FabricLoader/Mixin) aether.mixins.json:player.PlayerBossListMixin from mod aether->@Inject::onDeath(Lorg/spongepowered/asm/mixin/injection/callback/CallbackInfo;)V doesn't use it's CallbackInfo
[00:17:43] [main/DEBUG] (FabricLoader/Mixin) aether.mixins.json:player.PlayerBossListMixin from mod aether->@Inject::onDeath(Lorg/spongepowered/asm/mixin/injection/callback/CallbackInfo;)V has 0 override(s) in child classes
[00:17:43] [main/DEBUG] (FabricLoader/Mixin) aether.mixins.json:player.PlayerBossListMixin from mod aether->@Inject::onDeath(Lorg/spongepowered/asm/mixin/injection/callback/CallbackInfo;)V won't be passed a CallbackInfo as a result
[00:17:43] [main/DEBUG] (FabricLoader/Mixin) aether.mixins.json:player.PlayerDeathMessageMixin from mod aether->@Inject::sendAetherDeathMessages(Lnet/minecraft/core/entity/Entity;Lorg/spongepowered/asm/mixin/injection/callback/CallbackInfoReturnable;)V does use it's CallbackInfoReturnable
[00:17:43] [main/DEBUG] (FabricLoader/Mixin) aether.mixins.json:player.PlayerGetNextDartMixin from mod aether->@Inject::addDartData(Lorg/spongepowered/asm/mixin/injection/callback/CallbackInfo;)V doesn't use it's CallbackInfo
[00:17:43] [main/DEBUG] (FabricLoader/Mixin) aether.mixins.json:player.PlayerGetNextDartMixin from mod aether->@Inject::addDartData(Lorg/spongepowered/asm/mixin/injection/callback/CallbackInfo;)V has 0 override(s) in child classes
[00:17:43] [main/DEBUG] (FabricLoader/Mixin) aether.mixins.json:player.PlayerGetNextDartMixin from mod aether->@Inject::addDartData(Lorg/spongepowered/asm/mixin/injection/callback/CallbackInfo;)V won't be passed a CallbackInfo as a result
[00:17:43] [main/DEBUG] (FabricLoader/Mixin) aether.mixins.json:player.PlayerMixinDevDrops from mod aether->@Inject::extraDropsDev(Lnet/minecraft/core/entity/Entity;Lorg/spongepowered/asm/mixin/injection/callback/CallbackInfo;)V doesn't use it's CallbackInfo
[00:17:43] [main/DEBUG] (FabricLoader/Mixin) aether.mixins.json:player.PlayerMixinDevDrops from mod aether->@Inject::extraDropsDev(Lnet/minecraft/core/entity/Entity;Lorg/spongepowered/asm/mixin/injection/callback/CallbackInfo;)V has 0 override(s) in child classes
[00:17:43] [main/DEBUG] (FabricLoader/Mixin) aether.mixins.json:player.PlayerMixinDevDrops from mod aether->@Inject::extraDropsDev(Lnet/minecraft/core/entity/Entity;Lorg/spongepowered/asm/mixin/injection/callback/CallbackInfo;)V won't be passed a CallbackInfo as a result
[00:17:43] [main/DEBUG] (FabricLoader/Mixin) aether.mixins.json:achievement.HostileParadiseMixin from mod aether->@Inject::grantHostileParadise(Lorg/spongepowered/asm/mixin/injection/callback/CallbackInfo;)V doesn't use it's CallbackInfo
[00:17:43] [main/DEBUG] (FabricLoader/Mixin) aether.mixins.json:achievement.HostileParadiseMixin from mod aether->@Inject::grantHostileParadise(Lorg/spongepowered/asm/mixin/injection/callback/CallbackInfo;)V has 0 override(s) in child classes
[00:17:43] [main/DEBUG] (FabricLoader/Mixin) aether.mixins.json:achievement.HostileParadiseMixin from mod aether->@Inject::grantHostileParadise(Lorg/spongepowered/asm/mixin/injection/callback/CallbackInfo;)V won't be passed a CallbackInfo as a result
[00:17:43] [main/DEBUG] (FabricLoader/Mixin) aether.mixins.json:dimension.bumpToOverworld.SPBumpToOverworldMixin from mod aether->@Inject::tick(Lorg/spongepowered/asm/mixin/injection/callback/CallbackInfo;)V doesn't use it's CallbackInfo
[00:17:43] [main/DEBUG] (FabricLoader/Mixin) aether.mixins.json:dimension.bumpToOverworld.SPBumpToOverworldMixin from mod aether->@Inject::tick(Lorg/spongepowered/asm/mixin/injection/callback/CallbackInfo;)V has 0 override(s) in child classes
[00:17:43] [main/DEBUG] (FabricLoader/Mixin) aether.mixins.json:dimension.bumpToOverworld.SPBumpToOverworldMixin from mod aether->@Inject::tick(Lorg/spongepowered/asm/mixin/injection/callback/CallbackInfo;)V won't be passed a CallbackInfo as a result
[00:17:43] [main/DEBUG] (FabricLoader/Mixin) Mixing MixinGuiMainMenu from mixins.modmenu.json into net.minecraft.client.gui.ScreenMainMenu
[00:17:43] [main/DEBUG] (FabricLoader/Mixin) mixins.modmenu.json:MixinGuiMainMenu from mod modmenu->@Inject::modmenu$drawMenuButton(Lorg/spongepowered/asm/mixin/injection/callback/CallbackInfo;)V doesn't use it's CallbackInfo
[00:17:43] [main/DEBUG] (FabricLoader/Mixin) mixins.modmenu.json:MixinGuiMainMenu from mod modmenu->@Inject::modmenu$drawMenuButton(Lorg/spongepowered/asm/mixin/injection/callback/CallbackInfo;)V has 0 override(s) in child classes
[00:17:43] [main/DEBUG] (FabricLoader/Mixin) mixins.modmenu.json:MixinGuiMainMenu from mod modmenu->@Inject::modmenu$drawMenuButton(Lorg/spongepowered/asm/mixin/injection/callback/CallbackInfo;)V won't be passed a CallbackInfo as a result
[00:17:43] [main/DEBUG] (FabricLoader/Mixin) mixins.modmenu.json:MixinGuiMainMenu from mod modmenu->@Inject::modmenu$onActionPerformed(Lnet/minecraft/client/gui/ButtonElement;Lorg/spongepowered/asm/mixin/injection/callback/CallbackInfo;)V doesn't use it's CallbackInfo
[00:17:43] [main/DEBUG] (FabricLoader/Mixin) mixins.modmenu.json:MixinGuiMainMenu from mod modmenu->@Inject::modmenu$onActionPerformed(Lnet/minecraft/client/gui/ButtonElement;Lorg/spongepowered/asm/mixin/injection/callback/CallbackInfo;)V has 0 override(s) in child classes
[00:17:43] [main/DEBUG] (FabricLoader/Mixin) mixins.modmenu.json:MixinGuiMainMenu from mod modmenu->@Inject::modmenu$onActionPerformed(Lnet/minecraft/client/gui/ButtonElement;Lorg/spongepowered/asm/mixin/injection/callback/CallbackInfo;)V won't be passed a CallbackInfo as a result
[00:17:43] [main/DEBUG] (FabricLoader/Mixin) Mixing fix.WorldGetCubesMixin from aether.mixins.json into net.minecraft.core.world.World
[00:17:43] [main/DEBUG] (FabricLoader/Mixin) Mixing WorldMixin from catalyst.mixins.json into net.minecraft.core.world.World
[00:17:43] [main/DEBUG] (FabricLoader/Mixin) Mixing dimension.bumpToOverworld.SPWorldMixin from aether.mixins.json into net.minecraft.core.world.World
[00:17:43] [main/DEBUG] (FabricLoader/Mixin) Mixing dimension.dungeonMap.WorldSpMixin from aether.mixins.json into net.minecraft.core.world.World
[00:17:44] [main/DEBUG] (FabricLoader/Mixin) aether.mixins.json:fix.WorldGetCubesMixin from mod aether->@Inject::getEntitiesWithinAABB(Ljava/lang/Class;Lnet/minecraft/core/util/phys/AABB;Lorg/spongepowered/asm/mixin/injection/callback/CallbackInfoReturnable;)V does use it's CallbackInfoReturnable
[00:17:44] [main/DEBUG] (FabricLoader/Mixin) aether.mixins.json:fix.WorldGetCubesMixin from mod aether->@Inject::getEntitiesWithinAABBExcludingEntity(Lnet/minecraft/core/entity/Entity;Lnet/minecraft/core/util/phys/AABB;Lorg/spongepowered/asm/mixin/injection/callback/CallbackInfoReturnable;)V does use it's CallbackInfoReturnable
[00:17:44] [main/DEBUG] (FabricLoader/Mixin) aether.mixins.json:fix.WorldGetCubesMixin from mod aether->@Inject::getCubes(Lnet/minecraft/core/entity/Entity;Lnet/minecraft/core/util/phys/AABB;Lorg/spongepowered/asm/mixin/injection/callback/CallbackInfoReturnable;)V does use it's CallbackInfoReturnable
[00:17:44] [main/DEBUG] (FabricLoader/Mixin) catalyst.mixins.json:WorldMixin from mod catalyst-core->@Inject::init4(Lorg/spongepowered/asm/mixin/injection/callback/CallbackInfo;)V doesn't use it's CallbackInfo
[00:17:44] [main/DEBUG] (FabricLoader/Mixin) catalyst.mixins.json:WorldMixin from mod catalyst-core->@Inject::init4(Lorg/spongepowered/asm/mixin/injection/callback/CallbackInfo;)V has 0 override(s) in child classes
[00:17:44] [main/DEBUG] (FabricLoader/Mixin) catalyst.mixins.json:WorldMixin from mod catalyst-core->@Inject::init4(Lorg/spongepowered/asm/mixin/injection/callback/CallbackInfo;)V won't be passed a CallbackInfo as a result
[00:17:44] [main/DEBUG] (FabricLoader/Mixin) catalyst.mixins.json:WorldMixin from mod catalyst-core->@Inject::init4(Lorg/spongepowered/asm/mixin/injection/callback/CallbackInfo;)V doesn't use it's CallbackInfo
[00:17:44] [main/DEBUG] (FabricLoader/Mixin) catalyst.mixins.json:WorldMixin from mod catalyst-core->@Inject::init4(Lorg/spongepowered/asm/mixin/injection/callback/CallbackInfo;)V has 0 override(s) in child classes
[00:17:44] [main/DEBUG] (FabricLoader/Mixin) catalyst.mixins.json:WorldMixin from mod catalyst-core->@Inject::init4(Lorg/spongepowered/asm/mixin/injection/callback/CallbackInfo;)V won't be passed a CallbackInfo as a result
[00:17:44] [main/DEBUG] (FabricLoader/Mixin) catalyst.mixins.json:WorldMixin from mod catalyst-core->@Inject::init4(Lorg/spongepowered/asm/mixin/injection/callback/CallbackInfo;)V doesn't use it's CallbackInfo
[00:17:44] [main/DEBUG] (FabricLoader/Mixin) catalyst.mixins.json:WorldMixin from mod catalyst-core->@Inject::init4(Lorg/spongepowered/asm/mixin/injection/callback/CallbackInfo;)V has 0 override(s) in child classes
[00:17:44] [main/DEBUG] (FabricLoader/Mixin) catalyst.mixins.json:WorldMixin from mod catalyst-core->@Inject::init4(Lorg/spongepowered/asm/mixin/injection/callback/CallbackInfo;)V won't be passed a CallbackInfo as a result
[00:17:44] [main/DEBUG] (FabricLoader/Mixin) catalyst.mixins.json:WorldMixin from mod catalyst-core->@Inject::setBlock(IIIILorg/spongepowered/asm/mixin/injection/callback/CallbackInfoReturnable;)V doesn't use it's CallbackInfoReturnable
[00:17:44] [main/DEBUG] (FabricLoader/Mixin) catalyst.mixins.json:WorldMixin from mod catalyst-core->@Inject::setBlock(IIIILorg/spongepowered/asm/mixin/injection/callback/CallbackInfoReturnable;)V has 0 override(s) in child classes
[00:17:44] [main/DEBUG] (FabricLoader/Mixin) catalyst.mixins.json:WorldMixin from mod catalyst-core->@Inject::setBlock(IIIILorg/spongepowered/asm/mixin/injection/callback/CallbackInfoReturnable;)V won't be passed a CallbackInfoReturnable as a result
[00:17:44] [main/DEBUG] (FabricLoader/Mixin) catalyst.mixins.json:WorldMixin from mod catalyst-core->@Inject::setBlock(IIIILorg/spongepowered/asm/mixin/injection/callback/CallbackInfoReturnable;)V doesn't use it's CallbackInfoReturnable
[00:17:44] [main/DEBUG] (FabricLoader/Mixin) catalyst.mixins.json:WorldMixin from mod catalyst-core->@Inject::setBlock(IIIILorg/spongepowered/asm/mixin/injection/callback/CallbackInfoReturnable;)V has 0 override(s) in child classes
[00:17:44] [main/DEBUG] (FabricLoader/Mixin) catalyst.mixins.json:WorldMixin from mod catalyst-core->@Inject::setBlock(IIIILorg/spongepowered/asm/mixin/injection/callback/CallbackInfoReturnable;)V won't be passed a CallbackInfoReturnable as a result
[00:17:44] [main/DEBUG] (FabricLoader/Mixin) catalyst.mixins.json:WorldMixin from mod catalyst-core->@Inject::setBlock(IIIILorg/spongepowered/asm/mixin/injection/callback/CallbackInfoReturnable;)V doesn't use it's CallbackInfoReturnable
[00:17:44] [main/DEBUG] (FabricLoader/Mixin) catalyst.mixins.json:WorldMixin from mod catalyst-core->@Inject::setBlock(IIIILorg/spongepowered/asm/mixin/injection/callback/CallbackInfoReturnable;)V has 0 override(s) in child classes
[00:17:44] [main/DEBUG] (FabricLoader/Mixin) catalyst.mixins.json:WorldMixin from mod catalyst-core->@Inject::setBlock(IIIILorg/spongepowered/asm/mixin/injection/callback/CallbackInfoReturnable;)V won't be passed a CallbackInfoReturnable as a result
[00:17:44] [main/DEBUG] (FabricLoader/Mixin) catalyst.mixins.json:WorldMixin from mod catalyst-core->@Inject::setBlock(IIIILorg/spongepowered/asm/mixin/injection/callback/CallbackInfoReturnable;)V doesn't use it's CallbackInfoReturnable
[00:17:44] [main/DEBUG] (FabricLoader/Mixin) catalyst.mixins.json:WorldMixin from mod catalyst-core->@Inject::setBlock(IIIILorg/spongepowered/asm/mixin/injection/callback/CallbackInfoReturnable;)V has 0 override(s) in child classes
[00:17:44] [main/DEBUG] (FabricLoader/Mixin) catalyst.mixins.json:WorldMixin from mod catalyst-core->@Inject::setBlock(IIIILorg/spongepowered/asm/mixin/injection/callback/CallbackInfoReturnable;)V won't be passed a CallbackInfoReturnable as a result
[00:17:44] [main/DEBUG] (FabricLoader/Mixin) catalyst.mixins.json:WorldMixin from mod catalyst-core->@Inject::setBlockMetadata(IIIILorg/spongepowered/asm/mixin/injection/callback/CallbackInfoReturnable;)V doesn't use it's CallbackInfoReturnable
[00:17:44] [main/DEBUG] (FabricLoader/Mixin) catalyst.mixins.json:WorldMixin from mod catalyst-core->@Inject::setBlockMetadata(IIIILorg/spongepowered/asm/mixin/injection/callback/CallbackInfoReturnable;)V has 0 override(s) in child classes
[00:17:44] [main/DEBUG] (FabricLoader/Mixin) catalyst.mixins.json:WorldMixin from mod catalyst-core->@Inject::setBlockMetadata(IIIILorg/spongepowered/asm/mixin/injection/callback/CallbackInfoReturnable;)V won't be passed a CallbackInfoReturnable as a result
[00:17:44] [main/DEBUG] (FabricLoader/Mixin) catalyst.mixins.json:WorldMixin from mod catalyst-core->@Inject::setBlockMetadata(IIIILorg/spongepowered/asm/mixin/injection/callback/CallbackInfoReturnable;)V doesn't use it's CallbackInfoReturnable
[00:17:44] [main/DEBUG] (FabricLoader/Mixin) catalyst.mixins.json:WorldMixin from mod catalyst-core->@Inject::setBlockMetadata(IIIILorg/spongepowered/asm/mixin/injection/callback/CallbackInfoReturnable;)V has 0 override(s) in child classes
[00:17:44] [main/DEBUG] (FabricLoader/Mixin) catalyst.mixins.json:WorldMixin from mod catalyst-core->@Inject::setBlockMetadata(IIIILorg/spongepowered/asm/mixin/injection/callback/CallbackInfoReturnable;)V won't be passed a CallbackInfoReturnable as a result
[00:17:44] [main/DEBUG] (FabricLoader/Mixin) catalyst.mixins.json:WorldMixin from mod catalyst-core->@Inject::setBlockMetadata(IIIILorg/spongepowered/asm/mixin/injection/callback/CallbackInfoReturnable;)V doesn't use it's CallbackInfoReturnable
[00:17:44] [main/DEBUG] (FabricLoader/Mixin) catalyst.mixins.json:WorldMixin from mod catalyst-core->@Inject::setBlockMetadata(IIIILorg/spongepowered/asm/mixin/injection/callback/CallbackInfoReturnable;)V has 0 override(s) in child classes
[00:17:44] [main/DEBUG] (FabricLoader/Mixin) catalyst.mixins.json:WorldMixin from mod catalyst-core->@Inject::setBlockMetadata(IIIILorg/spongepowered/asm/mixin/injection/callback/CallbackInfoReturnable;)V won't be passed a CallbackInfoReturnable as a result
[00:17:44] [main/DEBUG] (FabricLoader/Mixin) catalyst.mixins.json:WorldMixin from mod catalyst-core->@Inject::setBlockMetadata(IIIILorg/spongepowered/asm/mixin/injection/callback/CallbackInfoReturnable;)V doesn't use it's CallbackInfoReturnable
[00:17:44] [main/DEBUG] (FabricLoader/Mixin) catalyst.mixins.json:WorldMixin from mod catalyst-core->@Inject::setBlockMetadata(IIIILorg/spongepowered/asm/mixin/injection/callback/CallbackInfoReturnable;)V has 0 override(s) in child classes
[00:17:44] [main/DEBUG] (FabricLoader/Mixin) catalyst.mixins.json:WorldMixin from mod catalyst-core->@Inject::setBlockMetadata(IIIILorg/spongepowered/asm/mixin/injection/callback/CallbackInfoReturnable;)V won't be passed a CallbackInfoReturnable as a result
[00:17:44] [main/DEBUG] (FabricLoader/Mixin) catalyst.mixins.json:WorldMixin from mod catalyst-core->@Inject::setBlockAndMetadata(IIIIILorg/spongepowered/asm/mixin/injection/callback/CallbackInfoReturnable;)V doesn't use it's CallbackInfoReturnable
[00:17:44] [main/DEBUG] (FabricLoader/Mixin) catalyst.mixins.json:WorldMixin from mod catalyst-core->@Inject::setBlockAndMetadata(IIIIILorg/spongepowered/asm/mixin/injection/callback/CallbackInfoReturnable;)V has 0 override(s) in child classes
[00:17:44] [main/DEBUG] (FabricLoader/Mixin) catalyst.mixins.json:WorldMixin from mod catalyst-core->@Inject::setBlockAndMetadata(IIIIILorg/spongepowered/asm/mixin/injection/callback/CallbackInfoReturnable;)V won't be passed a CallbackInfoReturnable as a result
[00:17:44] [main/DEBUG] (FabricLoader/Mixin) catalyst.mixins.json:WorldMixin from mod catalyst-core->@Inject::setBlockAndMetadata(IIIIILorg/spongepowered/asm/mixin/injection/callback/CallbackInfoReturnable;)V doesn't use it's CallbackInfoReturnable
[00:17:44] [main/DEBUG] (FabricLoader/Mixin) catalyst.mixins.json:WorldMixin from mod catalyst-core->@Inject::setBlockAndMetadata(IIIIILorg/spongepowered/asm/mixin/injection/callback/CallbackInfoReturnable;)V has 0 override(s) in child classes
[00:17:44] [main/DEBUG] (FabricLoader/Mixin) catalyst.mixins.json:WorldMixin from mod catalyst-core->@Inject::setBlockAndMetadata(IIIIILorg/spongepowered/asm/mixin/injection/callback/CallbackInfoReturnable;)V won't be passed a CallbackInfoReturnable as a result
[00:17:44] [main/DEBUG] (FabricLoader/Mixin) catalyst.mixins.json:WorldMixin from mod catalyst-core->@Inject::setBlockAndMetadata(IIIIILorg/spongepowered/asm/mixin/injection/callback/CallbackInfoReturnable;)V doesn't use it's CallbackInfoReturnable
[00:17:44] [main/DEBUG] (FabricLoader/Mixin) catalyst.mixins.json:WorldMixin from mod catalyst-core->@Inject::setBlockAndMetadata(IIIIILorg/spongepowered/asm/mixin/injection/callback/CallbackInfoReturnable;)V has 0 override(s) in child classes
[00:17:44] [main/DEBUG] (FabricLoader/Mixin) catalyst.mixins.json:WorldMixin from mod catalyst-core->@Inject::setBlockAndMetadata(IIIIILorg/spongepowered/asm/mixin/injection/callback/CallbackInfoReturnable;)V won't be passed a CallbackInfoReturnable as a result
[00:17:44] [main/DEBUG] (FabricLoader/Mixin) catalyst.mixins.json:WorldMixin from mod catalyst-core->@Inject::setBlockAndMetadata(IIIIILorg/spongepowered/asm/mixin/injection/callback/CallbackInfoReturnable;)V doesn't use it's CallbackInfoReturnable
[00:17:44] [main/DEBUG] (FabricLoader/Mixin) catalyst.mixins.json:WorldMixin from mod catalyst-core->@Inject::setBlockAndMetadata(IIIIILorg/spongepowered/asm/mixin/injection/callback/CallbackInfoReturnable;)V has 0 override(s) in child classes
[00:17:44] [main/DEBUG] (FabricLoader/Mixin) catalyst.mixins.json:WorldMixin from mod catalyst-core->@Inject::setBlockAndMetadata(IIIIILorg/spongepowered/asm/mixin/injection/callback/CallbackInfoReturnable;)V won't be passed a CallbackInfoReturnable as a result
[00:17:44] [main/DEBUG] (FabricLoader/Mixin) catalyst.mixins.json:WorldMixin from mod catalyst-core->@Inject::tick(Lorg/spongepowered/asm/mixin/injection/callback/CallbackInfo;)V doesn't use it's CallbackInfo
[00:17:44] [main/DEBUG] (FabricLoader/Mixin) catalyst.mixins.json:WorldMixin from mod catalyst-core->@Inject::tick(Lorg/spongepowered/asm/mixin/injection/callback/CallbackInfo;)V has 0 override(s) in child classes
[00:17:44] [main/DEBUG] (FabricLoader/Mixin) catalyst.mixins.json:WorldMixin from mod catalyst-core->@Inject::tick(Lorg/spongepowered/asm/mixin/injection/callback/CallbackInfo;)V won't be passed a CallbackInfo as a result
[00:17:44] [main/DEBUG] (FabricLoader/Mixin) catalyst.mixins.json:WorldMixin from mod catalyst-core->@Inject::worldSaveSignal(Lorg/spongepowered/asm/mixin/injection/callback/CallbackInfo;)V doesn't use it's CallbackInfo
[00:17:44] [main/DEBUG] (FabricLoader/Mixin) catalyst.mixins.json:WorldMixin from mod catalyst-core->@Inject::worldSaveSignal(Lorg/spongepowered/asm/mixin/injection/callback/CallbackInfo;)V has 0 override(s) in child classes
[00:17:44] [main/DEBUG] (FabricLoader/Mixin) catalyst.mixins.json:WorldMixin from mod catalyst-core->@Inject::worldSaveSignal(Lorg/spongepowered/asm/mixin/injection/callback/CallbackInfo;)V won't be passed a CallbackInfo as a result
[00:17:44] [main/DEBUG] (FabricLoader/Mixin) catalyst.mixins.json:WorldMixin from mod catalyst-core->@Inject::initTE(IIILnet/minecraft/core/block/entity/TileEntity;Lorg/spongepowered/asm/mixin/injection/callback/CallbackInfo;)V doesn't use it's CallbackInfo
[00:17:44] [main/DEBUG] (FabricLoader/Mixin) catalyst.mixins.json:WorldMixin from mod catalyst-core->@Inject::initTE(IIILnet/minecraft/core/block/entity/TileEntity;Lorg/spongepowered/asm/mixin/injection/callback/CallbackInfo;)V has 0 override(s) in child classes
[00:17:44] [main/DEBUG] (FabricLoader/Mixin) catalyst.mixins.json:WorldMixin from mod catalyst-core->@Inject::initTE(IIILnet/minecraft/core/block/entity/TileEntity;Lorg/spongepowered/asm/mixin/injection/callback/CallbackInfo;)V won't be passed a CallbackInfo as a result
[00:17:44] [main/DEBUG] (FabricLoader/Mixin) catalyst.mixins.json:WorldMixin from mod catalyst-core->@Inject::initTE2(Lorg/spongepowered/asm/mixin/injection/callback/CallbackInfo;)V doesn't use it's CallbackInfo
[00:17:44] [main/DEBUG] (FabricLoader/Mixin) catalyst.mixins.json:WorldMixin from mod catalyst-core->@Inject::initTE2(Lorg/spongepowered/asm/mixin/injection/callback/CallbackInfo;)V has 0 override(s) in child classes
[00:17:44] [main/DEBUG] (FabricLoader/Mixin) catalyst.mixins.json:WorldMixin from mod catalyst-core->@Inject::initTE2(Lorg/spongepowered/asm/mixin/injection/callback/CallbackInfo;)V won't be passed a CallbackInfo as a result
[00:17:44] [main/DEBUG] (FabricLoader/Mixin) aether.mixins.json:dimension.bumpToOverworld.SPWorldMixin from mod aether->@Inject::tick(Lorg/spongepowered/asm/mixin/injection/callback/CallbackInfo;)V doesn't use it's CallbackInfo
[00:17:44] [main/DEBUG] (FabricLoader/Mixin) aether.mixins.json:dimension.bumpToOverworld.SPWorldMixin from mod aether->@Inject::tick(Lorg/spongepowered/asm/mixin/injection/callback/CallbackInfo;)V has 0 override(s) in child classes
[00:17:44] [main/DEBUG] (FabricLoader/Mixin) aether.mixins.json:dimension.bumpToOverworld.SPWorldMixin from mod aether->@Inject::tick(Lorg/spongepowered/asm/mixin/injection/callback/CallbackInfo;)V won't be passed a CallbackInfo as a result
[00:17:44] [main/DEBUG] (FabricLoader/Mixin) aether.mixins.json:dimension.dungeonMap.WorldSpMixin from mod aether->@Inject::onTick(Lorg/spongepowered/asm/mixin/injection/callback/CallbackInfo;)V doesn't use it's CallbackInfo
[00:17:44] [main/DEBUG] (FabricLoader/Mixin) aether.mixins.json:dimension.dungeonMap.WorldSpMixin from mod aether->@Inject::onTick(Lorg/spongepowered/asm/mixin/injection/callback/CallbackInfo;)V has 0 override(s) in child classes
[00:17:44] [main/DEBUG] (FabricLoader/Mixin) aether.mixins.json:dimension.dungeonMap.WorldSpMixin from mod aether->@Inject::onTick(Lorg/spongepowered/asm/mixin/injection/callback/CallbackInfo;)V won't be passed a CallbackInfo as a result
[00:17:44] [main/DEBUG] (FabricLoader/Mixin) Mixing gui.screens.UNWarnMixin from aether.mixins.json into net.minecraft.client.gui.ScreenSelectWorld
[00:17:44] [main/DEBUG] (FabricLoader/Mixin) Mixing ScreenSelectWorldMixin from uselessnumerical.mixins.json into net.minecraft.client.gui.ScreenSelectWorld
[00:17:44] [main/DEBUG] (FabricLoader/Mixin) aether.mixins.json:gui.screens.UNWarnMixin from mod aether->@Inject::throwWarning(ILorg/spongepowered/asm/mixin/injection/callback/CallbackInfo;)V does use it's CallbackInfo
[00:17:44] [main/DEBUG] (FabricLoader/Mixin) uselessnumerical.mixins.json:ScreenSelectWorldMixin from mod uselessnumerical->@Inject::checkIfWorldIsCompatible(ILorg/spongepowered/asm/mixin/injection/callback/CallbackInfo;)V does use it's CallbackInfo
[00:17:44] [main/DEBUG] (FabricLoader/Mixin) Mixing ScreenPauseMixin from btwaila.mixins.json into net.minecraft.client.gui.ScreenPause
[00:17:44] [main/DEBUG] (FabricLoader/Mixin) Mixing MixinGuiIngameMenu from mixins.modmenu.json into net.minecraft.client.gui.ScreenPause
[00:17:44] [main/DEBUG] (FabricLoader/Mixin) btwaila.mixins.json:ScreenPauseMixin from mod btwaila->@Inject::buttonPressed(Lnet/minecraft/client/gui/ButtonElement;Lorg/spongepowered/asm/mixin/injection/callback/CallbackInfo;)V doesn't use it's CallbackInfo
[00:17:44] [main/DEBUG] (FabricLoader/Mixin) btwaila.mixins.json:ScreenPauseMixin from mod btwaila->@Inject::buttonPressed(Lnet/minecraft/client/gui/ButtonElement;Lorg/spongepowered/asm/mixin/injection/callback/CallbackInfo;)V has 0 override(s) in child classes
[00:17:44] [main/DEBUG] (FabricLoader/Mixin) btwaila.mixins.json:ScreenPauseMixin from mod btwaila->@Inject::buttonPressed(Lnet/minecraft/client/gui/ButtonElement;Lorg/spongepowered/asm/mixin/injection/callback/CallbackInfo;)V won't be passed a CallbackInfo as a result
[00:17:44] [main/DEBUG] (FabricLoader/Mixin) mixins.modmenu.json:MixinGuiIngameMenu from mod modmenu->@Inject::modmenu$drawMenuButton(Lorg/spongepowered/asm/mixin/injection/callback/CallbackInfo;)V doesn't use it's CallbackInfo
[00:17:44] [main/DEBUG] (FabricLoader/Mixin) mixins.modmenu.json:MixinGuiIngameMenu from mod modmenu->@Inject::modmenu$drawMenuButton(Lorg/spongepowered/asm/mixin/injection/callback/CallbackInfo;)V has 0 override(s) in child classes
[00:17:44] [main/DEBUG] (FabricLoader/Mixin) mixins.modmenu.json:MixinGuiIngameMenu from mod modmenu->@Inject::modmenu$drawMenuButton(Lorg/spongepowered/asm/mixin/injection/callback/CallbackInfo;)V won't be passed a CallbackInfo as a result
[00:17:44] [main/DEBUG] (FabricLoader/Mixin) mixins.modmenu.json:MixinGuiIngameMenu from mod modmenu->@Inject::modmenu$onActionPerformed(Lnet/minecraft/client/gui/ButtonElement;Lorg/spongepowered/asm/mixin/injection/callback/CallbackInfo;)V doesn't use it's CallbackInfo
[00:17:44] [main/DEBUG] (FabricLoader/Mixin) mixins.modmenu.json:MixinGuiIngameMenu from mod modmenu->@Inject::modmenu$onActionPerformed(Lnet/minecraft/client/gui/ButtonElement;Lorg/spongepowered/asm/mixin/injection/callback/CallbackInfo;)V has 0 override(s) in child classes
[00:17:44] [main/DEBUG] (FabricLoader/Mixin) mixins.modmenu.json:MixinGuiIngameMenu from mod modmenu->@Inject::modmenu$onActionPerformed(Lnet/minecraft/client/gui/ButtonElement;Lorg/spongepowered/asm/mixin/injection/callback/CallbackInfo;)V won't be passed a CallbackInfo as a result
[00:17:44] [main/DEBUG] (FabricLoader/Mixin) Mixing ScreenInventoryMixin from catalyst-effects.mixins.json into net.minecraft.client.gui.container.ScreenInventory
[00:17:44] [main/DEBUG] (FabricLoader/Mixin) Mixing accessory.ScreenInventoryMixinNewInv from aether.mixins.json into net.minecraft.client.gui.container.ScreenInventory
[00:17:44] [main/DEBUG] (FabricLoader/Mixin) Mixing gui.screens.ScreenInventoryFixProtectionOverlayMixin from aether.mixins.json into net.minecraft.client.gui.container.ScreenInventory
[00:17:44] [main/DEBUG] (FabricLoader/Mixin) catalyst-effects.mixins.json:ScreenInventoryMixin from mod catalyst-effects->@Inject::init(Lnet/minecraft/core/entity/player/Player;Lorg/spongepowered/asm/mixin/injection/callback/CallbackInfo;)V doesn't use it's CallbackInfo
[00:17:44] [main/DEBUG] (FabricLoader/Mixin) catalyst-effects.mixins.json:ScreenInventoryMixin from mod catalyst-effects->@Inject::init(Lnet/minecraft/core/entity/player/Player;Lorg/spongepowered/asm/mixin/injection/callback/CallbackInfo;)V has 0 override(s) in child classes
[00:17:44] [main/DEBUG] (FabricLoader/Mixin) catalyst-effects.mixins.json:ScreenInventoryMixin from mod catalyst-effects->@Inject::init(Lnet/minecraft/core/entity/player/Player;Lorg/spongepowered/asm/mixin/injection/callback/CallbackInfo;)V won't be passed a CallbackInfo as a result
[00:17:44] [main/DEBUG] (FabricLoader/Mixin) catalyst-effects.mixins.json:ScreenInventoryMixin from mod catalyst-effects->@Inject::drawEffects(IIFLorg/spongepowered/asm/mixin/injection/callback/CallbackInfo;)V doesn't use it's CallbackInfo
[00:17:44] [main/DEBUG] (FabricLoader/Mixin) catalyst-effects.mixins.json:ScreenInventoryMixin from mod catalyst-effects->@Inject::drawEffects(IIFLorg/spongepowered/asm/mixin/injection/callback/CallbackInfo;)V has 0 override(s) in child classes
[00:17:44] [main/DEBUG] (FabricLoader/Mixin) catalyst-effects.mixins.json:ScreenInventoryMixin from mod catalyst-effects->@Inject::drawEffects(IIFLorg/spongepowered/asm/mixin/injection/callback/CallbackInfo;)V won't be passed a CallbackInfo as a result
[00:17:44] [main/DEBUG] (FabricLoader/Mixin) aether.mixins.json:accessory.ScreenInventoryMixinNewInv from mod aether->@Inject::fixLabelPlacement(Lorg/spongepowered/asm/mixin/injection/callback/CallbackInfo;)V does use it's CallbackInfo
[00:17:44] [main/DEBUG] (FabricLoader/Mixin) aether.mixins.json:gui.screens.ScreenInventoryFixProtectionOverlayMixin from mod aether->@Inject::drawProtectionOverlay(IILorg/spongepowered/asm/mixin/injection/callback/CallbackInfo;)V does use it's CallbackInfo
[00:17:44] [main/DEBUG] (FabricLoader/Mixin) Mixing ScreenContainerAbstractMixin from catalyst.mixins.json into net.minecraft.client.gui.container.ScreenContainerAbstract
[00:17:44] [main/DEBUG] (FabricLoader/Mixin) Mixing accessors.ScreenContainerAbstractAccessor from aether.mixins.json into net.minecraft.client.gui.container.ScreenContainerAbstract
[00:17:44] [main/DEBUG] (FabricLoader/Mixin) Mixing accessory.ScreenContainerAbstractMixinTargetAccessory from aether.mixins.json into net.minecraft.client.gui.container.ScreenContainerAbstract
[00:17:44] [main/DEBUG] (FabricLoader/Mixin) Mixing gui.screens.ScreenContainerAbstractAccessor from aether.mixins.json into net.minecraft.client.gui.container.ScreenContainerAbstract
[00:17:44] [main/DEBUG] (FabricLoader/Mixin) catalyst.mixins.json:ScreenContainerAbstractMixin from mod catalyst-core->@Inject::drawScreen1(IIFLorg/spongepowered/asm/mixin/injection/callback/CallbackInfo;)V doesn't use it's CallbackInfo
[00:17:44] [main/DEBUG] (FabricLoader/Mixin) catalyst.mixins.json:ScreenContainerAbstractMixin from mod catalyst-core->@Inject::drawScreen1(IIFLorg/spongepowered/asm/mixin/injection/callback/CallbackInfo;)V has 0 override(s) in child classes
[00:17:44] [main/DEBUG] (FabricLoader/Mixin) catalyst.mixins.json:ScreenContainerAbstractMixin from mod catalyst-core->@Inject::drawScreen1(IIFLorg/spongepowered/asm/mixin/injection/callback/CallbackInfo;)V won't be passed a CallbackInfo as a result
[00:17:44] [main/DEBUG] (FabricLoader/Mixin) Mixing gui.AchievementScreenShadowMixin from aether.mixins.json into net.minecraft.client.gui.achievements.ScreenAchievements
[00:17:44] [main/DEBUG] (FabricLoader/Mixin) aether.mixins.json:gui.AchievementScreenShadowMixin from mod aether->@Inject::ChangeShadow(DDLorg/spongepowered/asm/mixin/injection/callback/CallbackInfo;)V doesn't use it's CallbackInfo
[00:17:44] [main/DEBUG] (FabricLoader/Mixin) aether.mixins.json:gui.AchievementScreenShadowMixin from mod aether->@Inject::ChangeShadow(DDLorg/spongepowered/asm/mixin/injection/callback/CallbackInfo;)V has 0 override(s) in child classes
[00:17:44] [main/DEBUG] (FabricLoader/Mixin) aether.mixins.json:gui.AchievementScreenShadowMixin from mod aether->@Inject::ChangeShadow(DDLorg/spongepowered/asm/mixin/injection/callback/CallbackInfo;)V won't be passed a CallbackInfo as a result
[00:17:44] [main/DEBUG] (FabricLoader/Mixin) aether.mixins.json:gui.AchievementScreenShadowMixin from mod aether->@Inject::drawBackground(IIFLorg/spongepowered/asm/mixin/injection/callback/CallbackInfo;)V doesn't use it's CallbackInfo
[00:17:44] [main/DEBUG] (FabricLoader/Mixin) aether.mixins.json:gui.AchievementScreenShadowMixin from mod aether->@Inject::drawBackground(IIFLorg/spongepowered/asm/mixin/injection/callback/CallbackInfo;)V has 0 override(s) in child classes
[00:17:44] [main/DEBUG] (FabricLoader/Mixin) aether.mixins.json:gui.AchievementScreenShadowMixin from mod aether->@Inject::drawBackground(IIFLorg/spongepowered/asm/mixin/injection/callback/CallbackInfo;)V won't be passed a CallbackInfo as a result
[00:17:44] [main/DEBUG] (FabricLoader/Mixin) Mixing accessory.ScreenInventoryCreativeMixinNewInv from aether.mixins.json into net.minecraft.client.gui.container.ScreenInventoryCreative
[00:17:44] [main/INFO] (net.minecraft.client.Minecraft) LWJGL version = 3.3.3-snapshot
[00:17:44] [main/DEBUG] (FabricLoader/Entrypoint) Iterating over entrypoint 'main'
[00:17:44] [main/INFO] (halplibe) Config file name: catalyst-effects.cfg
[00:17:44] [main/INFO] (halplibe) Config file path: /var/home/Rin/IdeaProjects/better-with-aether/config/catalyst-effects.cfg
[00:17:44] [main/DEBUG] (FabricLoader/Mixin) Mixing PacketCustomPayloadMixin from halplibe.mixins.json into net.minecraft.core.net.packet.PacketCustomPayload
[00:17:44] [main/DEBUG] (FabricLoader/Mixin) Mixing accessory.cape.invisibilitycape.target.MobMonsterMixinInvisiblePlayer from aether.mixins.json into net.minecraft.core.entity.monster.MobMonster
[00:17:44] [main/DEBUG] (FabricLoader/Mixin) Mixing accessory.cape.invisibilitycape.target.MobPathfinderMixinForgetPlayerWhenToFar from aether.mixins.json into net.minecraft.core.entity.MobPathfinder
[00:17:44] [main/DEBUG] (FabricLoader/Mixin) aether.mixins.json:accessory.cape.invisibilitycape.target.MobPathfinderMixinForgetPlayerWhenToFar from mod aether->@Inject::forgetsPlayer(Lorg/spongepowered/asm/mixin/injection/callback/CallbackInfo;)V doesn't use it's CallbackInfo
[00:17:44] [main/DEBUG] (FabricLoader/Mixin) aether.mixins.json:accessory.cape.invisibilitycape.target.MobPathfinderMixinForgetPlayerWhenToFar from mod aether->@Inject::forgetsPlayer(Lorg/spongepowered/asm/mixin/injection/callback/CallbackInfo;)V has 0 override(s) in child classes
[00:17:44] [main/DEBUG] (FabricLoader/Mixin) aether.mixins.json:accessory.cape.invisibilitycape.target.MobPathfinderMixinForgetPlayerWhenToFar from mod aether->@Inject::forgetsPlayer(Lorg/spongepowered/asm/mixin/injection/callback/CallbackInfo;)V won't be passed a CallbackInfo as a result
[00:17:44] [main/DEBUG] (FabricLoader/Mixin) Mixing accessors.TileEntitySignAccessor from btwaila.mixins.json into net.minecraft.core.block.entity.TileEntitySign
[00:17:44] [main/DEBUG] (FabricLoader/Mixin) Mixing TileEntityMixin from catalyst.mixins.json into net.minecraft.core.block.entity.TileEntity
[00:17:44] [main/DEBUG] (FabricLoader/Mixin) Mixing fix.PacketAddParticleMixin from aether.mixins.json into net.minecraft.core.net.packet.PacketAddParticle
[00:17:44] [main/DEBUG] (FabricLoader/Mixin) aether.mixins.json:fix.PacketAddParticleMixin from mod aether->@Inject::writeData(Ljava/io/DataOutputStream;Lorg/spongepowered/asm/mixin/injection/callback/CallbackInfo;)V doesn't use it's CallbackInfo
[00:17:44] [main/DEBUG] (FabricLoader/Mixin) aether.mixins.json:fix.PacketAddParticleMixin from mod aether->@Inject::writeData(Ljava/io/DataOutputStream;Lorg/spongepowered/asm/mixin/injection/callback/CallbackInfo;)V has 0 override(s) in child classes
[00:17:44] [main/DEBUG] (FabricLoader/Mixin) aether.mixins.json:fix.PacketAddParticleMixin from mod aether->@Inject::writeData(Ljava/io/DataOutputStream;Lorg/spongepowered/asm/mixin/injection/callback/CallbackInfo;)V won't be passed a CallbackInfo as a result
[00:17:44] [main/DEBUG] (FabricLoader/Mixin) aether.mixins.json:fix.PacketAddParticleMixin from mod aether->@Inject::writeData(Ljava/io/DataInputStream;Lorg/spongepowered/asm/mixin/injection/callback/CallbackInfo;)V doesn't use it's CallbackInfo
[00:17:44] [main/DEBUG] (FabricLoader/Mixin) aether.mixins.json:fix.PacketAddParticleMixin from mod aether->@Inject::writeData(Ljava/io/DataInputStream;Lorg/spongepowered/asm/mixin/injection/callback/CallbackInfo;)V has 0 override(s) in child classes
[00:17:44] [main/DEBUG] (FabricLoader/Mixin) aether.mixins.json:fix.PacketAddParticleMixin from mod aether->@Inject::writeData(Ljava/io/DataInputStream;Lorg/spongepowered/asm/mixin/injection/callback/CallbackInfo;)V won't be passed a CallbackInfo as a result
[00:17:44] [main/INFO] (uselessnumerical) UselessNumerical initialized.
[00:17:44] [main/INFO] (catalyst-core) Catalyst: Core initialized.
[00:17:44] [main/DEBUG] (FabricLoader/Mixin) Mixing ItemMixin from uselessnumerical.mixins.json into net.minecraft.core.item.Item
[00:17:44] [main/DEBUG] (FabricLoader/Mixin) Mixing accessors.ItemAccessor from aether.mixins.json into net.minecraft.core.item.Item
[00:17:44] [main/DEBUG] (FabricLoader/Mixin) uselessnumerical.mixins.json:ItemMixin from mod uselessnumerical->@Inject::hijackRegister(Lnet/minecraft/core/util/collection/NamespaceID;ILorg/spongepowered/asm/mixin/injection/callback/CallbackInfo;)V doesn't use it's CallbackInfo
[00:17:44] [main/DEBUG] (FabricLoader/Mixin) uselessnumerical.mixins.json:ItemMixin from mod uselessnumerical->@Inject::hijackRegister(Lnet/minecraft/core/util/collection/NamespaceID;ILorg/spongepowered/asm/mixin/injection/callback/CallbackInfo;)V has 0 override(s) in child classes
[00:17:44] [main/DEBUG] (FabricLoader/Mixin) uselessnumerical.mixins.json:ItemMixin from mod uselessnumerical->@Inject::hijackRegister(Lnet/minecraft/core/util/collection/NamespaceID;ILorg/spongepowered/asm/mixin/injection/callback/CallbackInfo;)V won't be passed a CallbackInfo as a result
[00:17:44] [main/INFO] (FabricLoader/Mixin) aether.mixins.json:accessors.ItemAccessor from mod aether->@Accessor[FIELD_GETTER]::getItemRand()Ljava/util/Random; should be static as its target is
[00:17:44] [main/DEBUG] (FabricLoader/Mixin) Mixing fix.mapFixMixin from aether.mixins.json into net.minecraft.core.item.ItemMap
[00:17:44] [main/DEBUG] (FabricLoader/Mixin) aether.mixins.json:fix.mapFixMixin from mod aether->@Inject::fixMap(Lnet/minecraft/core/world/World;Lnet/minecraft/core/entity/Entity;Lnet/minecraft/core/world/saveddata/maps/ItemMapSavedData;Lorg/spongepowered/asm/mixin/injection/callback/CallbackInfo;)V doesn't use it's CallbackInfo
[00:17:44] [main/DEBUG] (FabricLoader/Mixin) aether.mixins.json:fix.mapFixMixin from mod aether->@Inject::fixMap(Lnet/minecraft/core/world/World;Lnet/minecraft/core/entity/Entity;Lnet/minecraft/core/world/saveddata/maps/ItemMapSavedData;Lorg/spongepowered/asm/mixin/injection/callback/CallbackInfo;)V has 0 override(s) in child classes
[00:17:44] [main/DEBUG] (FabricLoader/Mixin) aether.mixins.json:fix.mapFixMixin from mod aether->@Inject::fixMap(Lnet/minecraft/core/world/World;Lnet/minecraft/core/entity/Entity;Lnet/minecraft/core/world/saveddata/maps/ItemMapSavedData;Lorg/spongepowered/asm/mixin/injection/callback/CallbackInfo;)V won't be passed a CallbackInfo as a result
[00:17:44] [main/DEBUG] (FabricLoader/Mixin) aether.mixins.json:fix.mapFixMixin from mod aether->@Inject::fixMap(Lnet/minecraft/core/world/World;Lnet/minecraft/core/entity/Entity;Lnet/minecraft/core/world/saveddata/maps/ItemMapSavedData;Lorg/spongepowered/asm/mixin/injection/callback/CallbackInfo;)V doesn't use it's CallbackInfo
[00:17:44] [main/DEBUG] (FabricLoader/Mixin) aether.mixins.json:fix.mapFixMixin from mod aether->@Inject::fixMap(Lnet/minecraft/core/world/World;Lnet/minecraft/core/entity/Entity;Lnet/minecraft/core/world/saveddata/maps/ItemMapSavedData;Lorg/spongepowered/asm/mixin/injection/callback/CallbackInfo;)V has 0 override(s) in child classes
[00:17:44] [main/DEBUG] (FabricLoader/Mixin) aether.mixins.json:fix.mapFixMixin from mod aether->@Inject::fixMap(Lnet/minecraft/core/world/World;Lnet/minecraft/core/entity/Entity;Lnet/minecraft/core/world/saveddata/maps/ItemMapSavedData;Lorg/spongepowered/asm/mixin/injection/callback/CallbackInfo;)V won't be passed a CallbackInfo as a result
[00:17:44] [main/DEBUG] (FabricLoader/Mixin) aether.mixins.json:fix.mapFixMixin from mod aether->@Inject::fixMap(Lnet/minecraft/core/world/World;Lnet/minecraft/core/entity/Entity;Lnet/minecraft/core/world/saveddata/maps/ItemMapSavedData;Lorg/spongepowered/asm/mixin/injection/callback/CallbackInfo;)V doesn't use it's CallbackInfo
[00:17:44] [main/DEBUG] (FabricLoader/Mixin) aether.mixins.json:fix.mapFixMixin from mod aether->@Inject::fixMap(Lnet/minecraft/core/world/World;Lnet/minecraft/core/entity/Entity;Lnet/minecraft/core/world/saveddata/maps/ItemMapSavedData;Lorg/spongepowered/asm/mixin/injection/callback/CallbackInfo;)V has 0 override(s) in child classes
[00:17:44] [main/DEBUG] (FabricLoader/Mixin) aether.mixins.json:fix.mapFixMixin from mod aether->@Inject::fixMap(Lnet/minecraft/core/world/World;Lnet/minecraft/core/entity/Entity;Lnet/minecraft/core/world/saveddata/maps/ItemMapSavedData;Lorg/spongepowered/asm/mixin/injection/callback/CallbackInfo;)V won't be passed a CallbackInfo as a result
[00:17:44] [main/DEBUG] (FabricLoader/Mixin) Mixing block.AddInstrumentsMixin from aether.mixins.json into net.minecraft.core.block.BlockLogicNote$Instrument
[00:17:44] [main/DEBUG] (FabricLoader/Mixin) aether.mixins.json:block.AddInstrumentsMixin from mod aether->@Inject::injectCustomInstruments(Lnet/minecraft/core/block/Block;Lorg/spongepowered/asm/mixin/injection/callback/CallbackInfoReturnable;)V does use it's CallbackInfoReturnable
[00:17:44] [main/DEBUG] (FabricLoader/Mixin) Mixing block.BlockLogicNoteTriggerMixin from aether.mixins.json into net.minecraft.core.block.BlockLogicNote
[00:17:44] [main/DEBUG] (FabricLoader/Mixin) aether.mixins.json:block.BlockLogicNoteTriggerMixin from mod aether->@Inject::triggerEvent(Lnet/minecraft/core/world/World;IIIIILorg/spongepowered/asm/mixin/injection/callback/CallbackInfo;)V does use it's CallbackInfo
[00:17:44] [main/DEBUG] (FabricLoader/Mixin) Mixing accessory.trinket.BlockLogicHarvestBlockGoldPendant from aether.mixins.json into net.minecraft.core.block.BlockLogic
[00:17:44] [main/DEBUG] (FabricLoader/Mixin) aether.mixins.json:accessory.trinket.BlockLogicHarvestBlockGoldPendant from mod aether->@Inject::damageGoldPendant(Lnet/minecraft/core/world/World;Lnet/minecraft/core/entity/player/Player;IIIILnet/minecraft/core/block/entity/TileEntity;Lorg/spongepowered/asm/mixin/injection/callback/CallbackInfo;)V doesn't use it's CallbackInfo
[00:17:44] [main/DEBUG] (FabricLoader/Mixin) aether.mixins.json:accessory.trinket.BlockLogicHarvestBlockGoldPendant from mod aether->@Inject::damageGoldPendant(Lnet/minecraft/core/world/World;Lnet/minecraft/core/entity/player/Player;IIIILnet/minecraft/core/block/entity/TileEntity;Lorg/spongepowered/asm/mixin/injection/callback/CallbackInfo;)V has 0 override(s) in child classes
[00:17:44] [main/DEBUG] (FabricLoader/Mixin) aether.mixins.json:accessory.trinket.BlockLogicHarvestBlockGoldPendant from mod aether->@Inject::damageGoldPendant(Lnet/minecraft/core/world/World;Lnet/minecraft/core/entity/player/Player;IIIILnet/minecraft/core/block/entity/TileEntity;Lorg/spongepowered/asm/mixin/injection/callback/CallbackInfo;)V won't be passed a CallbackInfo as a result
[00:17:44] [main/DEBUG] (FabricLoader/Mixin) aether.mixins.json:accessory.trinket.BlockLogicHarvestBlockGoldPendant from mod aether->@Inject::catchNullItem(Lnet/minecraft/core/world/World;Lnet/minecraft/core/entity/player/Player;IIIILnet/minecraft/core/block/entity/TileEntity;Lorg/spongepowered/asm/mixin/injection/callback/CallbackInfo;)V does use it's CallbackInfo
[00:17:44] [main/INFO] (aether) Aether initialized, welcome to a hostile paradise. Version beta 0.12.2+7.3_04
[00:17:44] [main/INFO] (halplibe) HalpLibe initialized.
[00:17:44] [main/DEBUG] (FabricLoader/Entrypoint) Iterating over entrypoint 'client'
[00:17:44] [main/DEBUG] (FabricLoader/Mixin) Mixing accessors.EntityFXAccessor from halplibe.mixins.json into net.minecraft.client.entity.particle.Particle
[00:17:44] [main/DEBUG] (FabricLoader/Mixin) Mixing accessors.EntityFireflyFXAccessor from halplibe.mixins.json into net.minecraft.client.entity.particle.ParticleFirefly
[00:17:44] [main/DEBUG] (FabricLoader/Mixin) Mixing AtlasStitcherMixin from halplibe.mixins.json into net.minecraft.client.render.texture.stitcher.AtlasStitcher
[00:17:45] [main/INFO] (aether) AetherMod client initialized.
[00:17:45] [main/DEBUG] (FabricLoader/Mixin) Mixing gui.screens.PortalLoadingScreenMixin from aether.mixins.json into net.minecraft.client.render.LoadingScreenRenderer
[00:17:45] [main/DEBUG] (FabricLoader/Mixin) aether.mixins.json:gui.screens.PortalLoadingScreenMixin from mod aether->@Inject::customBackground(Lnet/minecraft/core/world/Dimension;Lorg/spongepowered/asm/mixin/injection/callback/CallbackInfo;)V does use it's CallbackInfo
[00:17:45] [main/DEBUG] (FabricLoader/Mixin) Mixing dimension.AetherMusicMixin from aether.mixins.json into net.minecraft.client.sound.SoundEngine
[00:17:45] [main/DEBUG] (FabricLoader/Mixin) aether.mixins.json:dimension.AetherMusicMixin from mod aether->@Inject::tick(Lorg/spongepowered/asm/mixin/injection/callback/CallbackInfo;)V does use it's CallbackInfo
[00:17:45] [main/INFO] (net.minecraft.core.net.CertificateHelper) Using bundled let's encrypt certificates
[00:17:46] [main/ERROR] (halplibe) Failed to find path to assets/aether/textures/gui/sign! [aether]
[00:17:46] [main/INFO] (aether) Initializing config..
[00:17:46] [main/INFO] (halplibe) Config file name: aether.cfg
[00:17:46] [main/INFO] (halplibe) Config file path: /var/home/Rin/IdeaProjects/better-with-aether/config/aether.cfg
[00:17:46] [main/DEBUG] (FabricLoader/Mixin) Mixing item.ItemBlockBlacklistMixin from aether.mixins.json into net.minecraft.core.item.block.ItemBlock
[00:17:46] [main/DEBUG] (FabricLoader/Mixin) aether.mixins.json:item.ItemBlockBlacklistMixin from mod aether->@Inject::banBlocksFromDimensions(Lnet/minecraft/core/item/ItemStack;Lnet/minecraft/core/entity/player/Player;Lnet/minecraft/core/world/World;IIILnet/minecraft/core/util/helper/Side;DDLorg/spongepowered/asm/mixin/injection/callback/CallbackInfoReturnable;)V does use it's CallbackInfoReturnable
[00:17:46] [main/DEBUG] (FabricLoader/Mixin) Mixing block.BlockLogicMossMixin from aether.mixins.json into net.minecraft.core.block.BlockLogicMoss
[00:17:46] [main/DEBUG] (FabricLoader/Mixin) aether.mixins.json:block.BlockLogicMossMixin from mod aether->@Inject::addOnBonemealUsed(Lnet/minecraft/core/item/ItemStack;Lnet/minecraft/core/entity/player/Player;Lnet/minecraft/core/world/World;IIILnet/minecraft/core/util/helper/Side;DDLorg/spongepowered/asm/mixin/injection/callback/CallbackInfoReturnable;)V does use it's CallbackInfoReturnable
[00:17:46] [main/DEBUG] (FabricLoader/Mixin) Mixing BlockMixin from uselessnumerical.mixins.json into net.minecraft.core.block.Block
[00:17:46] [main/DEBUG] (FabricLoader/Mixin) Mixing light.BlockMixin from aether.mixins.json into net.minecraft.core.block.Block
[00:17:46] [main/DEBUG] (FabricLoader/Mixin) Mixing accessors.BlockAccessor from halplibe.mixins.json into net.minecraft.core.block.Block
[00:17:46] [main/DEBUG] (FabricLoader/Mixin) aether.mixins.json:light.BlockMixin from mod aether->@Inject::saveEmission1(ILorg/spongepowered/asm/mixin/injection/callback/CallbackInfoReturnable;)V doesn't use it's CallbackInfoReturnable
[00:17:46] [main/DEBUG] (FabricLoader/Mixin) aether.mixins.json:light.BlockMixin from mod aether->@Inject::saveEmission2(FLorg/spongepowered/asm/mixin/injection/callback/CallbackInfoReturnable;)V doesn't use it's CallbackInfoReturnable
[00:17:46] [main/DEBUG] (FabricLoader/Mixin) Mixing accessors.BlocksAccessor from halplibe.mixins.json into net.minecraft.core.block.Blocks
[00:17:46] [main/DEBUG] (FabricLoader/Mixin) Renaming @Accessor method hasInit()Z to hasInit$halplibe_$md$1f3d86$0 in halplibe.mixins.json:accessors.BlocksAccessor from mod halplibe
[00:17:46] [main/DEBUG] (FabricLoader/Mixin) Renaming @Invoker method cacheBlock(Lnet/minecraft/core/block/Block;)V to cacheBlock$halplibe_$md$1f3d86$1 in halplibe.mixins.json:accessors.BlocksAccessor from mod halplibe
[00:17:46] [main/DEBUG] (FabricLoader/Mixin) Mixing block.SpikeImmunitiesMixin from aether.mixins.json into net.minecraft.core.block.BlockLogicSpikes
[00:17:46] [main/DEBUG] (FabricLoader/Mixin) aether.mixins.json:block.SpikeImmunitiesMixin from mod aether->@Inject::monsterImmuneToSpikes(Lnet/minecraft/core/world/World;IIILnet/minecraft/core/entity/Entity;Lorg/spongepowered/asm/mixin/injection/callback/CallbackInfo;)V does use it's CallbackInfo
[00:17:46] [main/DEBUG] (FabricLoader/Mixin) Mixing block.BlockLogicPistonBaseSteelMixin from aether.mixins.json into net.minecraft.core.block.piston.BlockLogicPistonBaseSteel
[00:17:46] [main/DEBUG] (FabricLoader/Mixin) aether.mixins.json:block.BlockLogicPistonBaseSteelMixin from mod aether->@Inject::makeFloatingBlock(Lnet/minecraft/core/world/World;IIILnet/minecraft/core/util/helper/Direction;ILorg/spongepowered/asm/mixin/injection/callback/CallbackInfoReturnable;)V does use it's CallbackInfoReturnable
[00:17:46] [main/DEBUG] (FabricLoader/Mixin) Mixing block.BlockCreatePortalMixin from aether.mixins.json into net.minecraft.core.block.BlockLogicFluid
[00:17:46] [main/DEBUG] (FabricLoader/Mixin) aether.mixins.json:block.BlockCreatePortalMixin from mod aether->@Inject::onBlockAdded(Lnet/minecraft/core/world/World;IIILorg/spongepowered/asm/mixin/injection/callback/CallbackInfo;)V does use it's CallbackInfo
[00:17:46] [main/DEBUG] (FabricLoader/Mixin) Mixing block.BlockLogicPathDirtMixin from aether.mixins.json into net.minecraft.core.block.BlockLogicPathDirt
[00:17:46] [main/DEBUG] (FabricLoader/Mixin) aether.mixins.json:block.BlockLogicPathDirtMixin from mod aether->@Inject::addNewPathBlock(Lnet/minecraft/core/world/World;IIIILorg/spongepowered/asm/mixin/injection/callback/CallbackInfo;)V does use it's CallbackInfo
[00:17:46] [main/DEBUG] (FabricLoader/Mixin) Mixing achievement.EntityItemPickupAchievementMixin from aether.mixins.json into net.minecraft.core.entity.EntityItem
[00:17:46] [main/DEBUG] (FabricLoader/Mixin) aether.mixins.json:achievement.EntityItemPickupAchievementMixin from mod aether->@Inject::playerTouch(Lnet/minecraft/core/entity/player/Player;Lorg/spongepowered/asm/mixin/injection/callback/CallbackInfo;)V does use it's CallbackInfo
[00:17:46] [main/DEBUG] (FabricLoader/Mixin) Mixing dimension.AetherBedMixin from aether.mixins.json into net.minecraft.core.block.BlockLogicBed
[00:17:46] [main/DEBUG] (FabricLoader/Mixin) aether.mixins.json:dimension.AetherBedMixin from mod aether->@Inject::onBlockRightClicked(Lnet/minecraft/core/world/World;IIILnet/minecraft/core/entity/player/Player;Lnet/minecraft/core/util/helper/Side;DDLorg/spongepowered/asm/mixin/injection/callback/CallbackInfoReturnable;)V does use it's CallbackInfoReturnable
[00:17:46] [main/DEBUG] (FabricLoader/Mixin) aether.mixins.json:dimension.AetherBedMixin from mod aether->@Inject::onBlockRightClicked(Lnet/minecraft/core/world/World;IIILnet/minecraft/core/entity/player/Player;Lnet/minecraft/core/util/helper/Side;DDLorg/spongepowered/asm/mixin/injection/callback/CallbackInfoReturnable;)V does use it's CallbackInfoReturnable
[00:17:46] [main/DEBUG] (FabricLoader/Mixin) Mixing block.BlockLogicFireMixin from aether.mixins.json into net.minecraft.core.block.BlockLogicFire
[00:17:46] [main/DEBUG] (FabricLoader/Mixin) aether.mixins.json:block.BlockLogicFireMixin from mod aether->@Inject::onBlockPlacedByWorld(Lnet/minecraft/core/world/World;IIILorg/spongepowered/asm/mixin/injection/callback/CallbackInfo;)V does use it's CallbackInfo
[00:17:46] [main/DEBUG] (FabricLoader/Mixin) Mixing block.BlockLogicBrazierMixin from aether.mixins.json into net.minecraft.core.block.BlockLogicBrazier
[00:17:46] [main/DEBUG] (FabricLoader/Mixin) aether.mixins.json:block.BlockLogicBrazierMixin from mod aether->@Inject::callOnBlockRightClicked(Lnet/minecraft/core/world/World;IIILnet/minecraft/core/entity/player/Player;Lnet/minecraft/core/util/helper/Side;DDLorg/spongepowered/asm/mixin/injection/callback/CallbackInfoReturnable;)V does use it's CallbackInfoReturnable
[00:17:46] [main/DEBUG] (FabricLoader/Mixin) Mixing accessory.trinket.BlockLogicFarmlandLeatherPendantMixin from aether.mixins.json into net.minecraft.core.block.BlockLogicFarmland
[00:17:46] [main/DEBUG] (FabricLoader/Mixin) aether.mixins.json:accessory.trinket.BlockLogicFarmlandLeatherPendantMixin from mod aether->@Inject::onEntityWalking(Lnet/minecraft/core/world/World;IIILnet/minecraft/core/entity/Entity;Lorg/spongepowered/asm/mixin/injection/callback/CallbackInfo;)V does use it's CallbackInfo
[00:17:46] [main/DEBUG] (FabricLoader/Mixin) Mixing block.CactusSpikeImmunitiesMixin from aether.mixins.json into net.minecraft.core.block.BlockLogicCactus
[00:17:46] [main/DEBUG] (FabricLoader/Mixin) aether.mixins.json:block.CactusSpikeImmunitiesMixin from mod aether->@Inject::monsterImmuneToSpikes(Lnet/minecraft/core/world/World;IIILnet/minecraft/core/entity/Entity;Lorg/spongepowered/asm/mixin/injection/callback/CallbackInfo;)V does use it's CallbackInfo
[00:17:46] [main/DEBUG] (FabricLoader/Mixin) Mixing accessors.ItemToolSwordAccessor from aether.mixins.json into net.minecraft.core.item.tool.ItemToolSword
[00:17:46] [main/DEBUG] (FabricLoader/Mixin) Mixing accessory.quiver.ItemBowMixinQuiverSlotFix from aether.mixins.json into net.minecraft.core.item.ItemBow
[00:17:46] [main/DEBUG] (FabricLoader/Mixin) Mixing armor.ArmorMaterialMixin from aether.mixins.json into net.minecraft.core.item.material.ArmorMaterial
[00:17:46] [main/DEBUG] (FabricLoader/Mixin) aether.mixins.json:armor.ArmorMaterialMixin from mod aether->@Inject::customizeVanillaProtections(Lorg/spongepowered/asm/mixin/injection/callback/CallbackInfo;)V doesn't use it's CallbackInfo
[00:17:46] [main/DEBUG] (FabricLoader/Mixin) Mixing accessory.cape.invisibilitycape.target.MobSpiderMixinInvisiblePlayer from aether.mixins.json into net.minecraft.core.entity.monster.MobSpider
[00:17:46] [main/DEBUG] (FabricLoader/Mixin) Mixing MobCreeperMixin from halplibe.mixins.json into net.minecraft.core.entity.monster.MobCreeper
[00:17:46] [main/DEBUG] (FabricLoader/Mixin) halplibe.mixins.json:MobCreeperMixin from mod halplibe->@Inject::dropItemsOnDeath(Lnet/minecraft/core/entity/Entity;Lorg/spongepowered/asm/mixin/injection/callback/CallbackInfo;)V doesn't use it's CallbackInfo
[00:17:46] [main/DEBUG] (FabricLoader/Mixin) halplibe.mixins.json:MobCreeperMixin from mod halplibe->@Inject::dropItemsOnDeath(Lnet/minecraft/core/entity/Entity;Lorg/spongepowered/asm/mixin/injection/callback/CallbackInfo;)V has 0 override(s) in child classes
[00:17:46] [main/DEBUG] (FabricLoader/Mixin) halplibe.mixins.json:MobCreeperMixin from mod halplibe->@Inject::dropItemsOnDeath(Lnet/minecraft/core/entity/Entity;Lorg/spongepowered/asm/mixin/injection/callback/CallbackInfo;)V won't be passed a CallbackInfo as a result
[00:17:46] [main/DEBUG] (FabricLoader/Mixin) Mixing entity.MobSheepMixin from aether.mixins.json into net.minecraft.core.entity.animal.MobSheep
[00:17:46] [main/DEBUG] (FabricLoader/Mixin) aether.mixins.json:entity.MobSheepMixin from mod aether->@Inject::isFavouriteItem(Lnet/minecraft/core/item/ItemStack;Lorg/spongepowered/asm/mixin/injection/callback/CallbackInfoReturnable;)V does use it's CallbackInfoReturnable
[00:17:46] [main/DEBUG] (FabricLoader/Mixin) Mixing entity.MobPigMixin from aether.mixins.json into net.minecraft.core.entity.animal.MobPig
[00:17:46] [main/DEBUG] (FabricLoader/Mixin) aether.mixins.json:entity.MobPigMixin from mod aether->@Inject::isFavouriteItem(Lnet/minecraft/core/item/ItemStack;Lorg/spongepowered/asm/mixin/injection/callback/CallbackInfoReturnable;)V does use it's CallbackInfoReturnable
[00:17:46] [main/DEBUG] (FabricLoader/Mixin) Mixing fix.WorldTypeOverworldRespawnMixin from aether.mixins.json into net.minecraft.core.world.type.WorldType
[00:17:46] [main/DEBUG] (FabricLoader/Mixin) aether.mixins.json:fix.WorldTypeOverworldRespawnMixin from mod aether->@Inject::respawnLocation(Lnet/minecraft/core/world/World;Lorg/spongepowered/asm/mixin/injection/callback/CallbackInfo;)V does use it's CallbackInfo
[00:17:46] [main/DEBUG] (FabricLoader/Mixin) Mixing armor.wolf.MobWolfMixinArmor from aether.mixins.json into net.minecraft.core.entity.animal.MobWolf
[00:17:46] [main/DEBUG] (FabricLoader/Mixin) Mixing armor.wolf.MobWolfMixinDrowningImmunity from aether.mixins.json into net.minecraft.core.entity.animal.MobWolf
[00:17:46] [main/DEBUG] (FabricLoader/Mixin) Mixing armor.wolf.MobWolfMixinFallDamage from aether.mixins.json into net.minecraft.core.entity.animal.MobWolf
[00:17:46] [main/DEBUG] (FabricLoader/Mixin) Mixing armor.wolf.MobWolfMixinFireImmunity from aether.mixins.json into net.minecraft.core.entity.animal.MobWolf
[00:17:46] [main/DEBUG] (FabricLoader/Mixin) Mixing armor.wolf.MobWolfMixinWalkingUnderwater from aether.mixins.json into net.minecraft.core.entity.animal.MobWolf
[00:17:46] [main/DEBUG] (FabricLoader/Mixin) Mixing armor.wolf.MobWolfMixinZaniteResistance from aether.mixins.json into net.minecraft.core.entity.animal.MobWolf
[00:17:46] [main/DEBUG] (FabricLoader/Mixin) Mixing armor.wolf.MobWolfNoKnockback from aether.mixins.json into net.minecraft.core.entity.animal.MobWolf
[00:17:46] [main/DEBUG] (FabricLoader/Mixin) aether.mixins.json:armor.wolf.MobWolfMixinFireImmunity from mod aether->@Inject::aether$lavaImmunity(Lorg/spongepowered/asm/mixin/injection/callback/CallbackInfo;)V does use it's CallbackInfo
[00:17:46] [main/DEBUG] (FabricLoader/Mixin) aether.mixins.json:armor.wolf.MobWolfMixinFireImmunity from mod aether->@Inject::aether$fireImmunity(Lorg/spongepowered/asm/mixin/injection/callback/CallbackInfo;)V does use it's CallbackInfo
[00:17:46] [main/DEBUG] (FabricLoader/Mixin) Mixing accessory.cape.invisibilitycape.target.MobGhastMixinInvisiblePlayer from aether.mixins.json into net.minecraft.core.entity.monster.MobGhast
[00:17:46] [main/DEBUG] (FabricLoader/Mixin) Mixing fix.MinecartCarriablesFix from aether.mixins.json into net.minecraft.core.entity.vehicle.EntityMinecart
[00:17:46] [main/DEBUG] (FabricLoader/Mixin) aether.mixins.json:fix.MinecartCarriablesFix from mod aether->@Inject::doNotCarry(Lnet/minecraft/core/entity/player/Player;Lorg/spongepowered/asm/mixin/injection/callback/CallbackInfoReturnable;)V does use it's CallbackInfoReturnable
[00:17:47] [main/DEBUG] (FabricLoader/Mixin) Mixing ItemStackMixin from catalyst.mixins.json into net.minecraft.core.item.ItemStack
[00:17:47] [main/DEBUG] (FabricLoader/Mixin) Mixing accessory.trinket.ItemStackPreventDamage from aether.mixins.json into net.minecraft.core.item.ItemStack
[00:17:47] [main/DEBUG] (FabricLoader/Mixin) catalyst.mixins.json:ItemStackMixin from mod catalyst-core->@Inject::getMaxStackSize(Lorg/spongepowered/asm/mixin/injection/callback/CallbackInfoReturnable;)V does use it's CallbackInfoReturnable
[00:17:47] [main/DEBUG] (FabricLoader/Mixin) aether.mixins.json:accessory.trinket.ItemStackPreventDamage from mod aether->@Inject::preventDamage(ILnet/minecraft/core/entity/Entity;Lorg/spongepowered/asm/mixin/injection/callback/CallbackInfo;)V does use it's CallbackInfo
[00:17:47] [main/DEBUG] (FabricLoader/Mixin) Mixing ItemsMixin from halplibe.mixins.json into net.minecraft.core.item.Items
[00:17:47] [main/DEBUG] (FabricLoader/Mixin) Mixing accessors.ItemsAccessor from halplibe.mixins.json into net.minecraft.core.item.Items
[00:17:47] [main/DEBUG] (FabricLoader/Mixin) Renaming @Invoker method invokeInitStats()V to invokeInitStats$halplibe_$md$1f3d86$0 in halplibe.mixins.json:accessors.ItemsAccessor from mod halplibe
[00:17:47] [main/DEBUG] (FabricLoader/Mixin) Mixing item.ItemToolShovelMixin from aether.mixins.json into net.minecraft.core.item.tool.ItemToolShovel
[00:17:47] [main/DEBUG] (FabricLoader/Mixin) aether.mixins.json:item.ItemToolShovelMixin from mod aether->@Inject::addNewPathBlock(Lnet/minecraft/core/item/ItemStack;Lnet/minecraft/core/entity/player/Player;Lnet/minecraft/core/world/World;IIILnet/minecraft/core/util/helper/Side;DDLorg/spongepowered/asm/mixin/injection/callback/CallbackInfoReturnable;)V does use it's CallbackInfoReturnable
[00:17:47] [main/DEBUG] (FabricLoader/Mixin) Mixing item.ItemFireStrikerMixin from aether.mixins.json into net.minecraft.core.item.ItemFireStriker
[00:17:47] [main/DEBUG] (FabricLoader/Mixin) aether.mixins.json:item.ItemFireStrikerMixin from mod aether->@Inject::callOnItemUse(Lnet/minecraft/core/item/ItemStack;Lnet/minecraft/core/entity/player/Player;Lnet/minecraft/core/world/World;IIILnet/minecraft/core/util/helper/Side;DDLorg/spongepowered/asm/mixin/injection/callback/CallbackInfoReturnable;)V does use it's CallbackInfoReturnable
[00:17:47] [main/DEBUG] (FabricLoader/Mixin) aether.mixins.json:item.ItemFireStrikerMixin from mod aether->@Inject::callOnUseByActivator(Lnet/minecraft/core/item/ItemStack;Lnet/minecraft/core/block/entity/TileEntityActivator;Lnet/minecraft/core/world/World;Ljava/util/Random;IIIDDDLnet/minecraft/core/util/helper/Direction;Lorg/spongepowered/asm/mixin/injection/callback/CallbackInfo;)V does use it's CallbackInfo
[00:17:47] [main/DEBUG] (FabricLoader/Mixin) Mixing item.ItemSaddleMixin from aether.mixins.json into net.minecraft.core.item.ItemSaddle
[00:17:47] [main/DEBUG] (FabricLoader/Mixin) aether.mixins.json:item.ItemSaddleMixin from mod aether->@Inject::callOnItemUse(Lnet/minecraft/core/item/ItemStack;Lnet/minecraft/core/entity/Mob;Lnet/minecraft/core/entity/player/Player;Lorg/spongepowered/asm/mixin/injection/callback/CallbackInfoReturnable;)V does use it's CallbackInfoReturnable
[00:17:47] [main/DEBUG] (FabricLoader/Mixin) Mixing item.ItemDyeMixin from aether.mixins.json into net.minecraft.core.item.ItemDye
[00:17:47] [main/DEBUG] (FabricLoader/Mixin) aether.mixins.json:item.ItemDyeMixin from mod aether->@Inject::callOnItemUse(Lnet/minecraft/core/item/ItemStack;Lnet/minecraft/core/entity/player/Player;Lnet/minecraft/core/world/World;IIILnet/minecraft/core/util/helper/Side;DDLorg/spongepowered/asm/mixin/injection/callback/CallbackInfoReturnable;)V does use it's CallbackInfoReturnable
[00:17:47] [main/DEBUG] (FabricLoader/Mixin) Mixing item.ItemJarMixin from aether.mixins.json into net.minecraft.core.item.ItemJar
[00:17:47] [main/DEBUG] (FabricLoader/Mixin) aether.mixins.json:item.ItemJarMixin from mod aether->@Inject::onGetFireflyColor(Lnet/minecraft/core/item/ItemStack;Lnet/minecraft/core/world/World;Lnet/minecraft/core/entity/player/Player;Lorg/spongepowered/asm/mixin/injection/callback/CallbackInfoReturnable;)V does use it's CallbackInfoReturnable
[00:17:47] [main/DEBUG] (FabricLoader/Mixin) Mixing item.ItemPaintBrushMixin from aether.mixins.json into net.minecraft.core.item.ItemPaintBrush
[00:17:47] [main/DEBUG] (FabricLoader/Mixin) aether.mixins.json:item.ItemPaintBrushMixin from mod aether->@Inject::callOnItemUse(Lnet/minecraft/core/item/ItemStack;Lnet/minecraft/core/entity/player/Player;Lnet/minecraft/core/world/World;IIILnet/minecraft/core/util/helper/Side;DDLorg/spongepowered/asm/mixin/injection/callback/CallbackInfoReturnable;)V does use it's CallbackInfoReturnable
[00:17:47] [main/DEBUG] (FabricLoader/Mixin) Mixing item.LavaBucketMixin from aether.mixins.json into net.minecraft.core.item.ItemBucket
[00:17:47] [main/DEBUG] (FabricLoader/Mixin) aether.mixins.json:item.LavaBucketMixin from mod aether->@Inject::netherAttemptPlaceWater(Lnet/minecraft/core/item/ItemStack;Lnet/minecraft/core/world/World;Lnet/minecraft/core/entity/player/Player;Lorg/spongepowered/asm/mixin/injection/callback/CallbackInfoReturnable;)V does use it's CallbackInfoReturnable
[00:17:47] [main/DEBUG] (FabricLoader/Mixin) aether.mixins.json:item.LavaBucketMixin from mod aether->@Inject::aetherAttemptPlaceLava(Lnet/minecraft/core/item/ItemStack;Lnet/minecraft/core/world/World;Lnet/minecraft/core/entity/player/Player;Lorg/spongepowered/asm/mixin/injection/callback/CallbackInfoReturnable;)V does use it's CallbackInfoReturnable
[00:17:47] [main/DEBUG] (FabricLoader/Mixin) Mixing accessory.cape.invisibilitycape.target.MobScorpionMixinInvisiblePlayer from aether.mixins.json into net.minecraft.core.entity.monster.MobScorpion
[00:17:47] [main/DEBUG] (FabricLoader/Mixin) Mixing accessory.WorldFeatureLabyrinthMixin from aether.mixins.json into net.minecraft.core.world.generate.feature.WorldFeatureLabyrinth
[00:17:47] [main/DEBUG] (FabricLoader/Mixin) aether.mixins.json:accessory.WorldFeatureLabyrinthMixin from mod aether->@Inject::addCustomLoot(Lnet/minecraft/core/world/World;Ljava/util/Random;IIILorg/spongepowered/asm/mixin/injection/callback/CallbackInfoReturnable;)V doesn't use it's CallbackInfoReturnable
[00:17:47] [main/DEBUG] (FabricLoader/Mixin) aether.mixins.json:accessory.WorldFeatureLabyrinthMixin from mod aether->@Inject::addCustomLoot(Lnet/minecraft/core/world/World;Ljava/util/Random;IIILorg/spongepowered/asm/mixin/injection/callback/CallbackInfoReturnable;)V has 0 override(s) in child classes
[00:17:47] [main/DEBUG] (FabricLoader/Mixin) aether.mixins.json:accessory.WorldFeatureLabyrinthMixin from mod aether->@Inject::addCustomLoot(Lnet/minecraft/core/world/World;Ljava/util/Random;IIILorg/spongepowered/asm/mixin/injection/callback/CallbackInfoReturnable;)V won't be passed a CallbackInfoReturnable as a result
[00:17:47] [main/DEBUG] (FabricLoader/Mixin) Mixing fix.CommandHealMixin from aether.mixins.json into net.minecraft.core.net.command.commands.CommandHeal
[00:17:47] [main/DEBUG] (FabricLoader/Mixin) Renaming synthetic method lambda$register$2(Ljava/lang/Object;)Z to md1f3d86$aether$lambda$register$2$0 in aether.mixins.json:fix.CommandHealMixin from mod aether
[00:17:47] [main/DEBUG] (FabricLoader/Mixin) Renaming synthetic method lambda$heal$1(Lnet/minecraft/core/entity/Entity;)Lnet/minecraft/core/entity/Mob; to md1f3d86$aether$lambda$heal$1$1 in aether.mixins.json:fix.CommandHealMixin from mod aether
[00:17:47] [main/DEBUG] (FabricLoader/Mixin) Renaming synthetic method lambda$heal$0(Lnet/minecraft/core/entity/Entity;)Z to md1f3d86$aether$lambda$heal$0$2 in aether.mixins.json:fix.CommandHealMixin from mod aether
[00:17:47] [main/DEBUG] (FabricLoader/Mixin) aether.mixins.json:fix.CommandHealMixin from mod aether->@Inject::register(Lcom/mojang/brigadier/CommandDispatcher;Lorg/spongepowered/asm/mixin/injection/callback/CallbackInfo;)V does use it's CallbackInfo
[00:17:47] [main/DEBUG] (FabricLoader/Mixin) Mixing GameSettingsMixin from catalyst-effects.mixins.json into net.minecraft.client.option.GameSettings
[00:17:47] [main/DEBUG] (FabricLoader/Mixin) Mixing GameSettingsMixin from btwaila.mixins.json into net.minecraft.client.option.GameSettings
[00:17:47] [main/DEBUG] (FabricLoader/Mixin) Renaming @Unique field thisAsLnet/minecraft/client/option/GameSettings; to fd1f3d86$thisAs$0 in btwaila.mixins.json:GameSettingsMixin from mod btwaila
[00:17:47] [main/DEBUG] (FabricLoader/Mixin) Mixing GameSettingsMixin from catalyst.mixins.json into net.minecraft.client.option.GameSettings
[00:17:47] [main/DEBUG] (FabricLoader/Mixin) Mixing GameSettingsMixin from aether.mixins.json into net.minecraft.client.option.GameSettings
[00:17:47] [main/DEBUG] (FabricLoader/Mixin) Renaming @Unique field thisAsLnet/minecraft/client/option/GameSettings; to fd1f3d86$thisAs$1 in aether.mixins.json:GameSettingsMixin from mod aether
[00:17:47] [main/DEBUG] (FabricLoader/Mixin) Mixing GameSettingsMixin from halplibe.mixins.json into net.minecraft.client.option.GameSettings
[00:17:47] [main/DEBUG] (FabricLoader/Mixin) Renaming synthetic method lambda$initOptions$0(Lnet/minecraft/client/option/GameSettings;Lturniplabs/halplibe/util/OptionsInitEntrypoint;)V to md1f3d86$halplibe$lambda$initOptions$0$0 in halplibe.mixins.json:GameSettingsMixin from mod halplibe
[00:17:47] [main/DEBUG] (FabricLoader/Mixin) btwaila.mixins.json:GameSettingsMixin from mod btwaila->@Inject::displayStrings(Lnet/minecraft/client/option/Option;Lorg/spongepowered/asm/mixin/injection/callback/CallbackInfoReturnable;)V does use it's CallbackInfoReturnable
[00:17:47] [main/DEBUG] (FabricLoader/Mixin) aether.mixins.json:GameSettingsMixin from mod aether->@Inject::changeDisplayString(Lnet/minecraft/client/option/Option;Lorg/spongepowered/asm/mixin/injection/callback/CallbackInfoReturnable;)V does use it's CallbackInfoReturnable
[00:17:47] [main/DEBUG] (FabricLoader/Mixin) halplibe.mixins.json:GameSettingsMixin from mod halplibe->@Inject::initOptions(Lnet/minecraft/client/Minecraft;Ljava/io/File;Lorg/spongepowered/asm/mixin/injection/callback/CallbackInfo;)V doesn't use it's CallbackInfo
[00:17:47] [main/DEBUG] (FabricLoader/Mixin) halplibe.mixins.json:GameSettingsMixin from mod halplibe->@Inject::initOptions(Lnet/minecraft/client/Minecraft;Ljava/io/File;Lorg/spongepowered/asm/mixin/injection/callback/CallbackInfo;)V has 0 override(s) in child classes
[00:17:47] [main/DEBUG] (FabricLoader/Mixin) halplibe.mixins.json:GameSettingsMixin from mod halplibe->@Inject::initOptions(Lnet/minecraft/client/Minecraft;Ljava/io/File;Lorg/spongepowered/asm/mixin/injection/callback/CallbackInfo;)V won't be passed a CallbackInfo as a result
[00:17:47] [main/DEBUG] (FabricLoader/Mixin) Mixing gui.hud.HudComponentEntrypointMixin from aether.mixins.json into net.minecraft.client.gui.hud.component.HudComponents
[00:17:47] [main/DEBUG] (FabricLoader/Mixin) Mixing HudComponentHealthBarMixin from catalyst-effects.mixins.json into net.minecraft.client.gui.hud.component.HudComponentHealthBar
[00:17:47] [main/DEBUG] (FabricLoader/Mixin) Renaming @Unique field randomLjava/util/Random; to fd1f3d86$random$0 in catalyst-effects.mixins.json:HudComponentHealthBarMixin from mod catalyst-effects
[00:17:47] [main/DEBUG] (FabricLoader/Mixin) catalyst-effects.mixins.json:HudComponentHealthBarMixin from mod catalyst-effects->@Inject::render(Lnet/minecraft/client/Minecraft;Lnet/minecraft/client/gui/hud/HudIngame;IIFLorg/spongepowered/asm/mixin/injection/callback/CallbackInfo;)V does use it's CallbackInfo
[00:17:47] [main/DEBUG] (FabricLoader/Mixin) Mixing HudIngameMixin from catalyst-effects.mixins.json into net.minecraft.client.gui.hud.HudIngame
[00:17:47] [main/DEBUG] (FabricLoader/Mixin) Mixing HudIngameMixin from btwaila.mixins.json into net.minecraft.client.gui.hud.HudIngame
[00:17:47] [main/DEBUG] (FabricLoader/Mixin) Mixing gui.hud.ArmorOverlayMixin from aether.mixins.json into net.minecraft.client.gui.hud.HudIngame
[00:17:47] [main/DEBUG] (FabricLoader/Mixin) catalyst-effects.mixins.json:HudIngameMixin from mod catalyst-effects->@Inject::renderAfterGameOverlay(FZIILorg/spongepowered/asm/mixin/injection/callback/CallbackInfo;)V doesn't use it's CallbackInfo
[00:17:47] [main/DEBUG] (FabricLoader/Mixin) catalyst-effects.mixins.json:HudIngameMixin from mod catalyst-effects->@Inject::renderAfterGameOverlay(FZIILorg/spongepowered/asm/mixin/injection/callback/CallbackInfo;)V has 0 override(s) in child classes
[00:17:47] [main/DEBUG] (FabricLoader/Mixin) catalyst-effects.mixins.json:HudIngameMixin from mod catalyst-effects->@Inject::renderAfterGameOverlay(FZIILorg/spongepowered/asm/mixin/injection/callback/CallbackInfo;)V won't be passed a CallbackInfo as a result
[00:17:47] [main/DEBUG] (FabricLoader/Mixin) catalyst-effects.mixins.json:HudIngameMixin from mod catalyst-effects->@Inject::endRenderGameOverlay(FZIILorg/spongepowered/asm/mixin/injection/callback/CallbackInfo;)V doesn't use it's CallbackInfo
[00:17:47] [main/DEBUG] (FabricLoader/Mixin) catalyst-effects.mixins.json:HudIngameMixin from mod catalyst-effects->@Inject::endRenderGameOverlay(FZIILorg/spongepowered/asm/mixin/injection/callback/CallbackInfo;)V has 0 override(s) in child classes
[00:17:47] [main/DEBUG] (FabricLoader/Mixin) catalyst-effects.mixins.json:HudIngameMixin from mod catalyst-effects->@Inject::endRenderGameOverlay(FZIILorg/spongepowered/asm/mixin/injection/callback/CallbackInfo;)V won't be passed a CallbackInfo as a result
[00:17:47] [main/DEBUG] (FabricLoader/Mixin) btwaila.mixins.json:HudIngameMixin from mod btwaila->@Inject::updateTick(Lorg/spongepowered/asm/mixin/injection/callback/CallbackInfo;)V doesn't use it's CallbackInfo
[00:17:47] [main/DEBUG] (FabricLoader/Mixin) btwaila.mixins.json:HudIngameMixin from mod btwaila->@Inject::updateTick(Lorg/spongepowered/asm/mixin/injection/callback/CallbackInfo;)V has 0 override(s) in child classes
[00:17:47] [main/DEBUG] (FabricLoader/Mixin) btwaila.mixins.json:HudIngameMixin from mod btwaila->@Inject::updateTick(Lorg/spongepowered/asm/mixin/injection/callback/CallbackInfo;)V won't be passed a CallbackInfo as a result
[00:17:47] [main/DEBUG] (FabricLoader/Mixin) aether.mixins.json:gui.hud.ArmorOverlayMixin from mod aether->@Inject::renderAetherArmour(FZIILorg/spongepowered/asm/mixin/injection/callback/CallbackInfo;)V doesn't use it's CallbackInfo
[00:17:47] [main/DEBUG] (FabricLoader/Mixin) aether.mixins.json:gui.hud.ArmorOverlayMixin from mod aether->@Inject::renderAetherArmour(FZIILorg/spongepowered/asm/mixin/injection/callback/CallbackInfo;)V has 0 override(s) in child classes
[00:17:47] [main/DEBUG] (FabricLoader/Mixin) aether.mixins.json:gui.hud.ArmorOverlayMixin from mod aether->@Inject::renderAetherArmour(FZIILorg/spongepowered/asm/mixin/injection/callback/CallbackInfo;)V won't be passed a CallbackInfo as a result
[00:17:47] [main/DEBUG] (FabricLoader/Mixin) aether.mixins.json:gui.hud.ArmorOverlayMixin from mod aether->@Inject::renderGameOverlay(FZIILorg/spongepowered/asm/mixin/injection/callback/CallbackInfo;)V doesn't use it's CallbackInfo
[00:17:47] [main/DEBUG] (FabricLoader/Mixin) aether.mixins.json:gui.hud.ArmorOverlayMixin from mod aether->@Inject::renderGameOverlay(FZIILorg/spongepowered/asm/mixin/injection/callback/CallbackInfo;)V has 0 override(s) in child classes
[00:17:47] [main/DEBUG] (FabricLoader/Mixin) aether.mixins.json:gui.hud.ArmorOverlayMixin from mod aether->@Inject::renderGameOverlay(FZIILorg/spongepowered/asm/mixin/injection/callback/CallbackInfo;)V won't be passed a CallbackInfo as a result
[00:17:47] [main/WARN] (net.minecraft.client.gui.hud.component.HudComponents) Unknown component: wailaInfoBase
[00:17:47] [main/WARN] (net.minecraft.client.gui.hud.component.HudComponents) Unknown component: wailaInfoHarvest
[00:17:47] [main/WARN] (net.minecraft.client.gui.hud.component.HudComponents) Unknown component: wailaInfoAdvanced
[00:17:47] [main/WARN] (net.minecraft.client.gui.hud.component.HudComponents) Unknown component: wailaInfoIcon
[00:17:47] [main/WARN] (net.minecraft.client.gui.hud.component.HudComponents) Unknown component: wailaInfoTool
[00:17:47] [main/INFO] (net.minecraft.client.Minecraft) Java Version: 17.0.12
[00:17:47] [main/INFO] (net.minecraft.core.util.helper.LoggedPrintStream) [STDOUT]: If the game crashes with a message similar to 
"Inconsistency detected by ld.so: dl-lookup.c: 111: check_match: Assertion `version->filename == NULL || ! _dl_name_match_p (version->filename, map)' failed!", 
Either use Java 8 or 17 from Eclipse Adoptium!
[00:17:47] [main/INFO] (net.minecraft.core.util.helper.LoggedPrintStream) [STDOUT]: GLFW Init
[00:17:47] [main/INFO] (net.minecraft.client.Minecraft) Resolution: 854 x 480
[00:17:47] [main/DEBUG] (FabricLoader/Mixin) Mixing SaveFormatBaseMixin from uselessnumerical.mixins.json into net.minecraft.core.world.save.SaveFormatBase
[00:17:47] [main/DEBUG] (FabricLoader/Mixin) uselessnumerical.mixins.json:SaveFormatBaseMixin from mod uselessnumerical->@Inject::injectWorldDirectory(Lorg/spongepowered/asm/mixin/injection/callback/CallbackInfoReturnable;)V doesn't use it's CallbackInfoReturnable
[00:17:47] [main/DEBUG] (FabricLoader/Mixin) uselessnumerical.mixins.json:SaveFormatBaseMixin from mod uselessnumerical->@Inject::injectWorldDirectory(Lorg/spongepowered/asm/mixin/injection/callback/CallbackInfoReturnable;)V has 0 override(s) in child classes
[00:17:47] [main/DEBUG] (FabricLoader/Mixin) uselessnumerical.mixins.json:SaveFormatBaseMixin from mod uselessnumerical->@Inject::injectWorldDirectory(Lorg/spongepowered/asm/mixin/injection/callback/CallbackInfoReturnable;)V won't be passed a CallbackInfoReturnable as a result
[00:17:47] [main/DEBUG] (FabricLoader/Mixin) Mixing I18nMixin from halplibe.mixins.json into net.minecraft.core.lang.I18n
[00:17:47] [main/DEBUG] (FabricLoader/Mixin) halplibe.mixins.json:I18nMixin from mod halplibe->@Inject::addHalplibeModLangFiles(Ljava/lang/String;ZLorg/spongepowered/asm/mixin/injection/callback/CallbackInfo;)V doesn't use it's CallbackInfo
[00:17:47] [main/DEBUG] (FabricLoader/Mixin) halplibe.mixins.json:I18nMixin from mod halplibe->@Inject::addHalplibeModLangFiles(Ljava/lang/String;ZLorg/spongepowered/asm/mixin/injection/callback/CallbackInfo;)V has 0 override(s) in child classes
[00:17:47] [main/DEBUG] (FabricLoader/Mixin) halplibe.mixins.json:I18nMixin from mod halplibe->@Inject::addHalplibeModLangFiles(Ljava/lang/String;ZLorg/spongepowered/asm/mixin/injection/callback/CallbackInfo;)V won't be passed a CallbackInfo as a result
[00:17:47] [main/DEBUG] (FabricLoader/Mixin) Mixing LanguageAccessor from mixins.modmenu.json into net.minecraft.core.lang.Language
[00:17:47] [main/DEBUG] (FabricLoader/Mixin) Mixing accessors.LanguageAccessor from halplibe.mixins.json into net.minecraft.core.lang.Language
[00:17:47] [main/DEBUG] (FabricLoader/Mixin) Unexpected: Registered method getEntries()Ljava/util/Properties; in net.minecraft.core.lang.Language was not merged
[00:17:47] [main/INFO] (net.minecraft.core.lang.I18n) 2944 Translation Keys
[00:17:47] [main/DEBUG] (halplibe) Current lang: en_US
[00:17:47] [main/DEBUG] (halplibe) catalyst-effects contains 1 language files.
[00:17:47] [main/DEBUG] (halplibe) [/lang/catalyst-effects/en_US.lang]
[00:17:47] [main/DEBUG] (halplibe) []
[00:17:47] [main/DEBUG] (halplibe) []
[00:17:47] [main/DEBUG] (halplibe) minecraft contains 0 language files.
[00:17:47] [main/DEBUG] (halplibe) []
[00:17:47] [main/DEBUG] (halplibe) []
[00:17:47] [main/DEBUG] (halplibe) []
[00:17:47] [main/DEBUG] (halplibe) btwaila contains 1 language files.
[00:17:47] [main/DEBUG] (halplibe) [/lang/btwaila/en_US.lang]
[00:17:47] [main/DEBUG] (halplibe) []
[00:17:47] [main/DEBUG] (halplibe) []
[00:17:47] [main/DEBUG] (halplibe) java contains 0 language files.
[00:17:47] [main/DEBUG] (halplibe) []
[00:17:47] [main/DEBUG] (halplibe) []
[00:17:47] [main/DEBUG] (halplibe) []
[00:17:47] [main/DEBUG] (halplibe) fabricloader contains 0 language files.
[00:17:47] [main/DEBUG] (halplibe) []
[00:17:47] [main/DEBUG] (halplibe) []
[00:17:47] [main/DEBUG] (halplibe) []
[00:17:47] [main/DEBUG] (halplibe) uselessnumerical contains 0 language files.
[00:17:47] [main/DEBUG] (halplibe) []
[00:17:47] [main/DEBUG] (halplibe) []
[00:17:47] [main/DEBUG] (halplibe) []
[00:17:47] [main/DEBUG] (halplibe) mixinextras contains 0 language files.
[00:17:47] [main/DEBUG] (halplibe) []
[00:17:47] [main/DEBUG] (halplibe) []
[00:17:47] [main/DEBUG] (halplibe) []
[00:17:47] [main/DEBUG] (halplibe) modmenu contains 11 language files.
[00:17:47] [main/DEBUG] (halplibe) [/lang/modmenu/bg_BG.lang, /lang/modmenu/de_DE.lang, /lang/modmenu/en_US.lang, /lang/modmenu/et_EE.lang, /lang/modmenu/fi_FI.lang, /lang/modmenu/fr_FR.lang, /lang/modmenu/ja_JP.lang, /lang/modmenu/pt_BR.lang, /lang/modmenu/ru_RU.lang, /lang/modmenu/zh_CN.lang, /lang/modmenu/zh_TW.lang]
[00:17:47] [main/DEBUG] (halplibe) []
[00:17:47] [main/DEBUG] (halplibe) []
[00:17:47] [main/DEBUG] (halplibe) catalyst-core contains 1 language files.
[00:17:47] [main/DEBUG] (halplibe) [/lang/catalyst-core/en_US.lang]
[00:17:47] [main/DEBUG] (halplibe) []
[00:17:47] [main/DEBUG] (halplibe) []
[00:17:47] [main/DEBUG] (halplibe) legacy-lwjgl3 contains 0 language files.
[00:17:47] [main/DEBUG] (halplibe) []
[00:17:47] [main/DEBUG] (halplibe) []
[00:17:47] [main/DEBUG] (halplibe) []
[00:17:47] [main/DEBUG] (halplibe) aether contains 25 language files.
[00:17:47] [main/DEBUG] (halplibe) [/lang/aether/en_US]
[00:17:47] [main/DEBUG] (halplibe) [/lang/aether/en_US/biome.lang, /lang/aether/en_US/command.lang, /lang/aether/en_US/entities.lang, /lang/aether/en_US/gamesettings.lang, /lang/aether/en_US/gui.lang, /lang/aether/en_US/guidebook.lang, /lang/aether/en_US/misc.lang, /lang/aether/en_US/strings.lang, /lang/aether/en_US/achievement.lang, /lang/aether/en_US/subtitiles.lang, /lang/aether/en_US/tile.lang, /lang/aether/en_US/item.lang]
[00:17:47] [main/DEBUG] (halplibe) [/lang/aether/en_US/biome.lang, /lang/aether/en_US/command.lang, /lang/aether/en_US/entities.lang, /lang/aether/en_US/gamesettings.lang, /lang/aether/en_US/gui.lang, /lang/aether/en_US/guidebook.lang, /lang/aether/en_US/misc.lang, /lang/aether/en_US/strings.lang, /lang/aether/en_US/achievement.lang, /lang/aether/en_US/subtitiles.lang, /lang/aether/en_US/tile.lang, /lang/aether/en_US/item.lang]
[00:17:47] [main/DEBUG] (halplibe) halplibe contains 1 language files.
[00:17:47] [main/DEBUG] (halplibe) [/lang/halplibe/en_US.lang]
[00:17:47] [main/DEBUG] (halplibe) []
[00:17:47] [main/DEBUG] (halplibe) []
[00:17:47] [main/INFO] (net.minecraft.client.render.OpenGLHelper) 4.6.0 NVIDIA 580.95.05
[00:17:47] [main/INFO] (net.minecraft.client.render.OpenGLHelper) NVIDIA Corporation
[00:17:47] [main/INFO] (net.minecraft.client.render.OpenGLHelper) NVIDIA GeForce RTX 2080/PCIe/SSE2
[00:17:47] [main/INFO] (net.minecraft.client.render.OpenGLHelper) GL_ARB_framebuffer_object: true
[00:17:47] [main/INFO] (net.minecraft.client.render.OpenGLHelper) GL_ARB_occlusion_query: true
[00:17:47] [main/INFO] (net.minecraft.client.render.OpenGLHelper) GL_NV_fog_distance: true
[00:17:47] [main/INFO] (net.minecraft.client.render.OpenGLHelper) Enable Shaders: true
[00:17:47] [main/INFO] (net.minecraft.core.util.helper.LoggedPrintStream) [STDOUT]: MultiDraw disabled, using legacy terrain renderer
[00:17:47] [main/INFO] (net.minecraft.client.render.shader.ShadersRenderer) Reloading Shaders...
[00:17:47] [main/DEBUG] (FabricLoader/Mixin) Mixing MixinTexturePacks from mixins.modmenu.json into net.minecraft.client.render.texturepack.TexturePack
[00:17:47] [main/DEBUG] (FabricLoader/Mixin) mixins.modmenu.json:MixinTexturePacks from mod modmenu->@Inject::modmenu$onGetResource(Ljava/lang/String;Lorg/spongepowered/asm/mixin/injection/callback/CallbackInfoReturnable;)V does use it's CallbackInfoReturnable
[00:17:47] [main/DEBUG] (FabricLoader/Mixin) mixins.modmenu.json:MixinTexturePacks from mod modmenu->@Inject::modmenu$onGetResource(Ljava/lang/String;Lorg/spongepowered/asm/mixin/injection/callback/CallbackInfoReturnable;)V does use it's CallbackInfoReturnable
[00:17:47] [main/DEBUG] (FabricLoader/Mixin) Mixing item.DynamicTexturesMixin from aether.mixins.json into net.minecraft.client.render.TextureManager
[00:17:47] [main/DEBUG] (FabricLoader/Mixin) aether.mixins.json:item.DynamicTexturesMixin from mod aether->@Inject::initDynamicTextures(Lorg/spongepowered/asm/mixin/injection/callback/CallbackInfo;)V doesn't use it's CallbackInfo
[00:17:47] [main/DEBUG] (FabricLoader/Mixin) aether.mixins.json:item.DynamicTexturesMixin from mod aether->@Inject::initDynamicTextures(Lorg/spongepowered/asm/mixin/injection/callback/CallbackInfo;)V has 0 override(s) in child classes
[00:17:47] [main/DEBUG] (FabricLoader/Mixin) aether.mixins.json:item.DynamicTexturesMixin from mod aether->@Inject::initDynamicTextures(Lorg/spongepowered/asm/mixin/injection/callback/CallbackInfo;)V won't be passed a CallbackInfo as a result
[00:17:47] [main/DEBUG] (FabricLoader/Mixin) Mixing accessors.WeightedRandomBagAccessor from halplibe.mixins.json into net.minecraft.core.WeightedRandomBag
[00:17:47] [main/DEBUG] (FabricLoader/Mixin) Mixing accessors.WeightedRandomBagEntryAccessor from halplibe.mixins.json into net.minecraft.core.WeightedRandomBag$Entry
[00:17:47] [main/INFO] (net.minecraft.core.util.helper.LoggedPrintStream) [STDERR]: java.lang.RuntimeException: Could not find data for entry '/assets/aether/sounds/sliderboss.ogg'! Unable to copy data!
[00:17:47] [main/INFO] (net.minecraft.core.util.helper.LoggedPrintStream) [STDERR]: 	at net.minecraft.client.sound.NamedSoundRepository.loadFromPath(NamedSoundRepository.java:67)
[00:17:47] [main/INFO] (net.minecraft.core.util.helper.LoggedPrintStream) [STDERR]: 	at net.minecraft.client.sound.NamedSoundRepository.<init>(NamedSoundRepository.java:33)
[00:17:47] [main/INFO] (net.minecraft.core.util.helper.LoggedPrintStream) [STDERR]: 	at net.minecraft.client.sound.SoundRepository.<init>(SoundRepository.java:27)
[00:17:47] [main/INFO] (net.minecraft.core.util.helper.LoggedPrintStream) [STDERR]: 	at net.minecraft.client.sound.SoundRepository.reload(SoundRepository.java:119)
[00:17:47] [main/INFO] (net.minecraft.core.util.helper.LoggedPrintStream) [STDERR]: 	at net.minecraft.client.sound.SoundRepository.initialize(SoundRepository.java:113)
[00:17:47] [main/INFO] (net.minecraft.core.util.helper.LoggedPrintStream) [STDERR]: 	at net.minecraft.client.Minecraft.startGame(Minecraft.java:526)
[00:17:47] [main/INFO] (net.minecraft.core.util.helper.LoggedPrintStream) [STDERR]: 	at net.minecraft.client.Minecraft.run(Minecraft.java:967)
[00:17:47] [main/INFO] (net.minecraft.core.util.helper.LoggedPrintStream) [STDERR]: 	at net.minecraft.client.Minecraft.startMainThread(Minecraft.java:2733)
[00:17:47] [main/INFO] (net.minecraft.core.util.helper.LoggedPrintStream) [STDERR]: 	at net.minecraft.client.Minecraft.main(Minecraft.java:2839)
[00:17:47] [main/INFO] (net.minecraft.core.util.helper.LoggedPrintStream) [STDERR]: 	at net.fabricmc.loader.impl.game.minecraft.MinecraftGameProvider.launch(MinecraftGameProvider.java:475)
[00:17:47] [main/INFO] (net.minecraft.core.util.helper.LoggedPrintStream) [STDERR]: 	at net.fabricmc.loader.impl.launch.knot.Knot.launch(Knot.java:74)
[00:17:47] [main/INFO] (net.minecraft.core.util.helper.LoggedPrintStream) [STDERR]: 	at net.fabricmc.loader.impl.launch.knot.KnotClient.main(KnotClient.java:23)
[00:17:47] [main/INFO] (net.minecraft.core.util.helper.LoggedPrintStream) [STDERR]: 	at net.fabricmc.devlaunchinjector.Main.main(Main.java:86)
[00:17:47] [main/INFO] (net.minecraft.core.util.helper.LoggedPrintStream) [STDERR]: java.lang.RuntimeException: Could not find data for entry '/assets/aether/sounds/fireboss.ogg'! Unable to copy data!
[00:17:47] [main/INFO] (net.minecraft.core.util.helper.LoggedPrintStream) [STDERR]: 	at net.minecraft.client.sound.NamedSoundRepository.loadFromPath(NamedSoundRepository.java:67)
[00:17:47] [main/INFO] (net.minecraft.core.util.helper.LoggedPrintStream) [STDERR]: 	at net.minecraft.client.sound.NamedSoundRepository.<init>(NamedSoundRepository.java:33)
[00:17:47] [main/INFO] (net.minecraft.core.util.helper.LoggedPrintStream) [STDERR]: 	at net.minecraft.client.sound.SoundRepository.<init>(SoundRepository.java:27)
[00:17:47] [main/INFO] (net.minecraft.core.util.helper.LoggedPrintStream) [STDERR]: 	at net.minecraft.client.sound.SoundRepository.reload(SoundRepository.java:119)
[00:17:47] [main/INFO] (net.minecraft.core.util.helper.LoggedPrintStream) [STDERR]: 	at net.minecraft.client.sound.SoundRepository.initialize(SoundRepository.java:113)
[00:17:47] [main/INFO] (net.minecraft.core.util.helper.LoggedPrintStream) [STDERR]: 	at net.minecraft.client.Minecraft.startGame(Minecraft.java:526)
[00:17:47] [main/INFO] (net.minecraft.core.util.helper.LoggedPrintStream) [STDERR]: 	at net.minecraft.client.Minecraft.run(Minecraft.java:967)
[00:17:47] [main/INFO] (net.minecraft.core.util.helper.LoggedPrintStream) [STDERR]: 	at net.minecraft.client.Minecraft.startMainThread(Minecraft.java:2733)
[00:17:47] [main/INFO] (net.minecraft.core.util.helper.LoggedPrintStream) [STDERR]: 	at net.minecraft.client.Minecraft.main(Minecraft.java:2839)
[00:17:47] [main/INFO] (net.minecraft.core.util.helper.LoggedPrintStream) [STDERR]: 	at net.fabricmc.loader.impl.game.minecraft.MinecraftGameProvider.launch(MinecraftGameProvider.java:475)
[00:17:47] [main/INFO] (net.minecraft.core.util.helper.LoggedPrintStream) [STDERR]: 	at net.fabricmc.loader.impl.launch.knot.Knot.launch(Knot.java:74)
[00:17:47] [main/INFO] (net.minecraft.core.util.helper.LoggedPrintStream) [STDERR]: 	at net.fabricmc.loader.impl.launch.knot.KnotClient.main(KnotClient.java:23)
[00:17:47] [main/INFO] (net.minecraft.core.util.helper.LoggedPrintStream) [STDERR]: 	at net.fabricmc.devlaunchinjector.Main.main(Main.java:86)
[00:17:47] [main/INFO] (net.minecraft.client.Minecraft) Drawing Loading Screen...
[00:17:49] [main/DEBUG] (FabricLoader/Mixin) Mixing light.RenderBlocksMixin from aether.mixins.json into net.minecraft.client.render.RenderBlocks
[00:17:49] [main/DEBUG] (FabricLoader/Mixin) Mixing light.RenderBlocksCacheMixin from aether.mixins.json into net.minecraft.client.render.RenderBlockCache
[00:17:49] [main/DEBUG] (FabricLoader/Mixin) Mixing models.BlockModelDispatcherMixin from halplibe.mixins.json into net.minecraft.client.render.block.model.BlockModelDispatcher
[00:17:49] [main/DEBUG] (FabricLoader/Mixin) Renaming synthetic method lambda$addQueuedModels$0(Lturniplabs/halplibe/util/ModelEntrypoint;)V to md1f3d86$halplibe$lambda$addQueuedModels$0$0 in halplibe.mixins.json:models.BlockModelDispatcherMixin from mod halplibe
[00:17:49] [main/DEBUG] (FabricLoader/Mixin) halplibe.mixins.json:models.BlockModelDispatcherMixin from mod halplibe->@Inject::addQueuedModels(Lorg/spongepowered/asm/mixin/injection/callback/CallbackInfo;)V doesn't use it's CallbackInfo
[00:17:49] [main/DEBUG] (FabricLoader/Mixin) halplibe.mixins.json:models.BlockModelDispatcherMixin from mod halplibe->@Inject::addQueuedModels(Lorg/spongepowered/asm/mixin/injection/callback/CallbackInfo;)V has 0 override(s) in child classes
[00:17:49] [main/DEBUG] (FabricLoader/Mixin) halplibe.mixins.json:models.BlockModelDispatcherMixin from mod halplibe->@Inject::addQueuedModels(Lorg/spongepowered/asm/mixin/injection/callback/CallbackInfo;)V won't be passed a CallbackInfo as a result
[00:17:49] [main/DEBUG] (FabricLoader/Mixin) Mixing BlockModelMixin from catalyst.mixins.json into net.minecraft.client.render.block.model.BlockModel
[00:17:49] [main/DEBUG] (FabricLoader/Mixin) Mixing BlockModelStandardMixin from catalyst.mixins.json into net.minecraft.client.render.block.model.BlockModelStandard
[00:17:49] [main/DEBUG] (FabricLoader/Mixin) catalyst.mixins.json:BlockModelStandardMixin from mod catalyst-core->@Inject::renderBlockOnInventory(Lnet/minecraft/client/render/tessellator/Tessellator;IFFLjava/lang/Integer;Lorg/spongepowered/asm/mixin/injection/callback/CallbackInfo;)V doesn't use it's CallbackInfo
[00:17:49] [main/DEBUG] (FabricLoader/Mixin) catalyst.mixins.json:BlockModelStandardMixin from mod catalyst-core->@Inject::renderBlockOnInventory(Lnet/minecraft/client/render/tessellator/Tessellator;IFFLjava/lang/Integer;Lorg/spongepowered/asm/mixin/injection/callback/CallbackInfo;)V has 0 override(s) in child classes
[00:17:49] [main/DEBUG] (FabricLoader/Mixin) catalyst.mixins.json:BlockModelStandardMixin from mod catalyst-core->@Inject::renderBlockOnInventory(Lnet/minecraft/client/render/tessellator/Tessellator;IFFLjava/lang/Integer;Lorg/spongepowered/asm/mixin/injection/callback/CallbackInfo;)V won't be passed a CallbackInfo as a result
[00:17:49] [main/DEBUG] (FabricLoader/Mixin) catalyst.mixins.json:BlockModelStandardMixin from mod catalyst-core->@Inject::disableLightmap(Lnet/minecraft/client/render/tessellator/Tessellator;Lnet/minecraft/core/util/phys/AABB;IFFLjava/lang/Integer;Lorg/spongepowered/asm/mixin/injection/callback/CallbackInfo;)V doesn't use it's CallbackInfo
[00:17:49] [main/DEBUG] (FabricLoader/Mixin) catalyst.mixins.json:BlockModelStandardMixin from mod catalyst-core->@Inject::disableLightmap(Lnet/minecraft/client/render/tessellator/Tessellator;Lnet/minecraft/core/util/phys/AABB;IFFLjava/lang/Integer;Lorg/spongepowered/asm/mixin/injection/callback/CallbackInfo;)V has 0 override(s) in child classes
[00:17:49] [main/DEBUG] (FabricLoader/Mixin) catalyst.mixins.json:BlockModelStandardMixin from mod catalyst-core->@Inject::disableLightmap(Lnet/minecraft/client/render/tessellator/Tessellator;Lnet/minecraft/core/util/phys/AABB;IFFLjava/lang/Integer;Lorg/spongepowered/asm/mixin/injection/callback/CallbackInfo;)V won't be passed a CallbackInfo as a result
[00:17:49] [main/DEBUG] (FabricLoader/Mixin) catalyst.mixins.json:BlockModelStandardMixin from mod catalyst-core->@Inject::disableLightmap(Lnet/minecraft/client/render/tessellator/Tessellator;Lnet/minecraft/core/util/phys/AABB;IFFLjava/lang/Integer;Lorg/spongepowered/asm/mixin/injection/callback/CallbackInfo;)V doesn't use it's CallbackInfo
[00:17:49] [main/DEBUG] (FabricLoader/Mixin) catalyst.mixins.json:BlockModelStandardMixin from mod catalyst-core->@Inject::disableLightmap(Lnet/minecraft/client/render/tessellator/Tessellator;Lnet/minecraft/core/util/phys/AABB;IFFLjava/lang/Integer;Lorg/spongepowered/asm/mixin/injection/callback/CallbackInfo;)V has 0 override(s) in child classes
[00:17:49] [main/DEBUG] (FabricLoader/Mixin) catalyst.mixins.json:BlockModelStandardMixin from mod catalyst-core->@Inject::disableLightmap(Lnet/minecraft/client/render/tessellator/Tessellator;Lnet/minecraft/core/util/phys/AABB;IFFLjava/lang/Integer;Lorg/spongepowered/asm/mixin/injection/callback/CallbackInfo;)V won't be passed a CallbackInfo as a result
[00:17:49] [main/DEBUG] (FabricLoader/Mixin) Mixing block.BlockModelJarAetherDirtMixin from aether.mixins.json into net.minecraft.client.render.block.model.BlockModelJar
[00:17:49] [main/DEBUG] (FabricLoader/Mixin) Mixing ItemModelStandardMixin from catalyst.mixins.json into net.minecraft.client.render.item.model.ItemModelStandard
[00:17:49] [main/DEBUG] (FabricLoader/Mixin) catalyst.mixins.json:ItemModelStandardMixin from mod catalyst-core->@Inject::disableLightmap(Lnet/minecraft/client/render/tessellator/Tessellator;IILnet/minecraft/client/render/texture/stitcher/IconCoordinate;ZZLorg/spongepowered/asm/mixin/injection/callback/CallbackInfo;)V doesn't use it's CallbackInfo
[00:17:49] [main/DEBUG] (FabricLoader/Mixin) catalyst.mixins.json:ItemModelStandardMixin from mod catalyst-core->@Inject::disableLightmap(Lnet/minecraft/client/render/tessellator/Tessellator;IILnet/minecraft/client/render/texture/stitcher/IconCoordinate;ZZLorg/spongepowered/asm/mixin/injection/callback/CallbackInfo;)V has 0 override(s) in child classes
[00:17:49] [main/DEBUG] (FabricLoader/Mixin) catalyst.mixins.json:ItemModelStandardMixin from mod catalyst-core->@Inject::disableLightmap(Lnet/minecraft/client/render/tessellator/Tessellator;IILnet/minecraft/client/render/texture/stitcher/IconCoordinate;ZZLorg/spongepowered/asm/mixin/injection/callback/CallbackInfo;)V won't be passed a CallbackInfo as a result
[00:17:49] [main/DEBUG] (FabricLoader/Mixin) Mixing accessory.cape.invisibilitycape.render.EntityRendererMixinRemoveShadow from aether.mixins.json into net.minecraft.client.render.entity.EntityRenderer
[00:17:49] [main/DEBUG] (FabricLoader/Mixin) aether.mixins.json:accessory.cape.invisibilitycape.render.EntityRendererMixinRemoveShadow from mod aether->@Inject::removeShadow(Lnet/minecraft/client/render/tessellator/Tessellator;Lnet/minecraft/core/entity/Entity;DDDFFLorg/spongepowered/asm/mixin/injection/callback/CallbackInfo;)V does use it's CallbackInfo
[00:17:49] [main/DEBUG] (FabricLoader/Mixin) Mixing accessory.MobRendererGLCleanUpMixin from aether.mixins.json into net.minecraft.client.render.entity.MobRenderer
[00:17:49] [main/DEBUG] (FabricLoader/Mixin) Mixing accessory.gloves.MobRendererMixinExtendArmor from aether.mixins.json into net.minecraft.client.render.entity.MobRenderer
[00:17:49] [main/DEBUG] (FabricLoader/Mixin) aether.mixins.json:accessory.MobRendererGLCleanUpMixin from mod aether->@Inject::restoreGLState2(Lnet/minecraft/client/render/tessellator/Tessellator;Lnet/minecraft/core/entity/Mob;DDDFFLorg/spongepowered/asm/mixin/injection/callback/CallbackInfo;)V doesn't use it's CallbackInfo
[00:17:49] [main/DEBUG] (FabricLoader/Mixin) aether.mixins.json:accessory.MobRendererGLCleanUpMixin from mod aether->@Inject::restoreGLState2(Lnet/minecraft/client/render/tessellator/Tessellator;Lnet/minecraft/core/entity/Mob;DDDFFLorg/spongepowered/asm/mixin/injection/callback/CallbackInfo;)V has 0 override(s) in child classes
[00:17:49] [main/DEBUG] (FabricLoader/Mixin) aether.mixins.json:accessory.MobRendererGLCleanUpMixin from mod aether->@Inject::restoreGLState2(Lnet/minecraft/client/render/tessellator/Tessellator;Lnet/minecraft/core/entity/Mob;DDDFFLorg/spongepowered/asm/mixin/injection/callback/CallbackInfo;)V won't be passed a CallbackInfo as a result
[00:17:49] [main/DEBUG] (FabricLoader/Mixin) aether.mixins.json:accessory.MobRendererGLCleanUpMixin from mod aether->@Inject::restoreGLState5(Lnet/minecraft/client/render/tessellator/Tessellator;Lnet/minecraft/core/entity/Mob;DDDFFLorg/spongepowered/asm/mixin/injection/callback/CallbackInfo;)V doesn't use it's CallbackInfo
[00:17:49] [main/DEBUG] (FabricLoader/Mixin) aether.mixins.json:accessory.MobRendererGLCleanUpMixin from mod aether->@Inject::restoreGLState5(Lnet/minecraft/client/render/tessellator/Tessellator;Lnet/minecraft/core/entity/Mob;DDDFFLorg/spongepowered/asm/mixin/injection/callback/CallbackInfo;)V has 0 override(s) in child classes
[00:17:49] [main/DEBUG] (FabricLoader/Mixin) aether.mixins.json:accessory.MobRendererGLCleanUpMixin from mod aether->@Inject::restoreGLState5(Lnet/minecraft/client/render/tessellator/Tessellator;Lnet/minecraft/core/entity/Mob;DDDFFLorg/spongepowered/asm/mixin/injection/callback/CallbackInfo;)V won't be passed a CallbackInfo as a result
[00:17:49] [main/DEBUG] (FabricLoader/Mixin) aether.mixins.json:accessory.MobRendererGLCleanUpMixin from mod aether->@Inject::restoreGLState8(Lnet/minecraft/client/render/tessellator/Tessellator;Lnet/minecraft/core/entity/Mob;DDDFFLorg/spongepowered/asm/mixin/injection/callback/CallbackInfo;)V doesn't use it's CallbackInfo
[00:17:49] [main/DEBUG] (FabricLoader/Mixin) aether.mixins.json:accessory.MobRendererGLCleanUpMixin from mod aether->@Inject::restoreGLState8(Lnet/minecraft/client/render/tessellator/Tessellator;Lnet/minecraft/core/entity/Mob;DDDFFLorg/spongepowered/asm/mixin/injection/callback/CallbackInfo;)V has 0 override(s) in child classes
[00:17:49] [main/DEBUG] (FabricLoader/Mixin) aether.mixins.json:accessory.MobRendererGLCleanUpMixin from mod aether->@Inject::restoreGLState8(Lnet/minecraft/client/render/tessellator/Tessellator;Lnet/minecraft/core/entity/Mob;DDDFFLorg/spongepowered/asm/mixin/injection/callback/CallbackInfo;)V won't be passed a CallbackInfo as a result
[00:17:49] [main/DEBUG] (FabricLoader/Mixin) Mixing models.ItemModelDispatcherMixin from halplibe.mixins.json into net.minecraft.client.render.item.model.ItemModelDispatcher
[00:17:49] [main/DEBUG] (FabricLoader/Mixin) Renaming synthetic method lambda$addQueuedModels$0(Lturniplabs/halplibe/util/ModelEntrypoint;)V to md1f3d86$halplibe$lambda$addQueuedModels$0$0 in halplibe.mixins.json:models.ItemModelDispatcherMixin from mod halplibe
[00:17:49] [main/DEBUG] (FabricLoader/Mixin) halplibe.mixins.json:models.ItemModelDispatcherMixin from mod halplibe->@Inject::addQueuedModels(Lorg/spongepowered/asm/mixin/injection/callback/CallbackInfo;)V doesn't use it's CallbackInfo
[00:17:49] [main/DEBUG] (FabricLoader/Mixin) halplibe.mixins.json:models.ItemModelDispatcherMixin from mod halplibe->@Inject::addQueuedModels(Lorg/spongepowered/asm/mixin/injection/callback/CallbackInfo;)V has 0 override(s) in child classes
[00:17:49] [main/DEBUG] (FabricLoader/Mixin) halplibe.mixins.json:models.ItemModelDispatcherMixin from mod halplibe->@Inject::addQueuedModels(Lorg/spongepowered/asm/mixin/injection/callback/CallbackInfo;)V won't be passed a CallbackInfo as a result
[00:17:49] [main/DEBUG] (FabricLoader/Mixin) Mixing models.EntityRenderDispatcherMixin from halplibe.mixins.json into net.minecraft.client.render.EntityRenderDispatcher
[00:17:49] [main/DEBUG] (FabricLoader/Mixin) Renaming synthetic method lambda$addQueuedModels$0(Lturniplabs/halplibe/util/ModelEntrypoint;)V to md1f3d86$halplibe$lambda$addQueuedModels$0$0 in halplibe.mixins.json:models.EntityRenderDispatcherMixin from mod halplibe
[00:17:49] [main/DEBUG] (FabricLoader/Mixin) halplibe.mixins.json:models.EntityRenderDispatcherMixin from mod halplibe->@Inject::addQueuedModels(Lorg/spongepowered/asm/mixin/injection/callback/CallbackInfo;)V doesn't use it's CallbackInfo
[00:17:49] [main/DEBUG] (FabricLoader/Mixin) halplibe.mixins.json:models.EntityRenderDispatcherMixin from mod halplibe->@Inject::addQueuedModels(Lorg/spongepowered/asm/mixin/injection/callback/CallbackInfo;)V has 0 override(s) in child classes
[00:17:49] [main/DEBUG] (FabricLoader/Mixin) halplibe.mixins.json:models.EntityRenderDispatcherMixin from mod halplibe->@Inject::addQueuedModels(Lorg/spongepowered/asm/mixin/injection/callback/CallbackInfo;)V won't be passed a CallbackInfo as a result
[00:17:49] [main/DEBUG] (FabricLoader/Mixin) Mixing accessory.MobRendererPlayerMixinAccessoryRender from aether.mixins.json into net.minecraft.client.render.entity.MobRendererPlayer
[00:17:49] [main/DEBUG] (FabricLoader/Mixin) Mixing accessory.cape.AetherDevCapeMixin from aether.mixins.json into net.minecraft.client.render.entity.MobRendererPlayer
[00:17:49] [main/DEBUG] (FabricLoader/Mixin) Mixing accessory.cape.MobRendererPlayerMixinCapeRender from aether.mixins.json into net.minecraft.client.render.entity.MobRendererPlayer
[00:17:49] [main/DEBUG] (FabricLoader/Mixin) Mixing accessory.quiver.MobRendererPlayerMixinCapeQuiver from aether.mixins.json into net.minecraft.client.render.entity.MobRendererPlayer
[00:17:49] [main/DEBUG] (FabricLoader/Mixin) aether.mixins.json:accessory.MobRendererPlayerMixinAccessoryRender from mod aether->@Inject::callDrawFirstPersonHandAfter(Lnet/minecraft/core/entity/player/Player;ZLorg/spongepowered/asm/mixin/injection/callback/CallbackInfo;)V does use it's CallbackInfo
[00:17:49] [main/DEBUG] (FabricLoader/Mixin) aether.mixins.json:accessory.MobRendererPlayerMixinAccessoryRender from mod aether->@Inject::renderPlayer(Lnet/minecraft/core/entity/player/Player;IFLorg/spongepowered/asm/mixin/injection/callback/CallbackInfoReturnable;)V doesn't use it's CallbackInfoReturnable
[00:17:49] [main/DEBUG] (FabricLoader/Mixin) aether.mixins.json:accessory.MobRendererPlayerMixinAccessoryRender from mod aether->@Inject::renderPlayer(Lnet/minecraft/core/entity/player/Player;IFLorg/spongepowered/asm/mixin/injection/callback/CallbackInfoReturnable;)V has 0 override(s) in child classes
[00:17:49] [main/DEBUG] (FabricLoader/Mixin) aether.mixins.json:accessory.MobRendererPlayerMixinAccessoryRender from mod aether->@Inject::renderPlayer(Lnet/minecraft/core/entity/player/Player;IFLorg/spongepowered/asm/mixin/injection/callback/CallbackInfoReturnable;)V won't be passed a CallbackInfoReturnable as a result
[00:17:49] [main/DEBUG] (FabricLoader/Mixin) aether.mixins.json:accessory.MobRendererPlayerMixinAccessoryRender from mod aether->@Inject::renderPlayerInvis(Lnet/minecraft/core/entity/player/Player;FLorg/spongepowered/asm/mixin/injection/callback/CallbackInfo;)V doesn't use it's CallbackInfo
[00:17:49] [main/DEBUG] (FabricLoader/Mixin) aether.mixins.json:accessory.MobRendererPlayerMixinAccessoryRender from mod aether->@Inject::renderPlayerInvis(Lnet/minecraft/core/entity/player/Player;FLorg/spongepowered/asm/mixin/injection/callback/CallbackInfo;)V has 0 override(s) in child classes
[00:17:49] [main/DEBUG] (FabricLoader/Mixin) aether.mixins.json:accessory.MobRendererPlayerMixinAccessoryRender from mod aether->@Inject::renderPlayerInvis(Lnet/minecraft/core/entity/player/Player;FLorg/spongepowered/asm/mixin/injection/callback/CallbackInfo;)V won't be passed a CallbackInfo as a result
[00:17:49] [main/DEBUG] (FabricLoader/Mixin) aether.mixins.json:accessory.MobRendererPlayerMixinAccessoryRender from mod aether->@Inject::setArmorModel(Lnet/minecraft/core/entity/player/Player;IFLorg/spongepowered/asm/mixin/injection/callback/CallbackInfoReturnable;)V does use it's CallbackInfoReturnable
[00:17:49] [main/DEBUG] (FabricLoader/Mixin) aether.mixins.json:accessory.MobRendererPlayerMixinAccessoryRender from mod aether->@Inject::setArmorModel(Lnet/minecraft/core/entity/player/Player;IFLorg/spongepowered/asm/mixin/injection/callback/CallbackInfoReturnable;)V does use it's CallbackInfoReturnable
[00:17:49] [main/DEBUG] (FabricLoader/Mixin) aether.mixins.json:accessory.cape.AetherDevCapeMixin from mod aether->@Inject::injectCapeOverride(Lnet/minecraft/core/entity/player/Player;FLorg/spongepowered/asm/mixin/injection/callback/CallbackInfo;)V doesn't use it's CallbackInfo
[00:17:49] [main/DEBUG] (FabricLoader/Mixin) aether.mixins.json:accessory.cape.AetherDevCapeMixin from mod aether->@Inject::injectCapeOverride(Lnet/minecraft/core/entity/player/Player;FLorg/spongepowered/asm/mixin/injection/callback/CallbackInfo;)V has 0 override(s) in child classes
[00:17:49] [main/DEBUG] (FabricLoader/Mixin) aether.mixins.json:accessory.cape.AetherDevCapeMixin from mod aether->@Inject::injectCapeOverride(Lnet/minecraft/core/entity/player/Player;FLorg/spongepowered/asm/mixin/injection/callback/CallbackInfo;)V won't be passed a CallbackInfo as a result
[00:17:49] [main/DEBUG] (FabricLoader/Mixin) aether.mixins.json:accessory.cape.AetherDevCapeMixin from mod aether->@Inject::injectCapeOverride(Lnet/minecraft/core/entity/player/Player;FLorg/spongepowered/asm/mixin/injection/callback/CallbackInfo;)V doesn't use it's CallbackInfo
[00:17:49] [main/DEBUG] (FabricLoader/Mixin) aether.mixins.json:accessory.cape.AetherDevCapeMixin from mod aether->@Inject::injectCapeOverride(Lnet/minecraft/core/entity/player/Player;FLorg/spongepowered/asm/mixin/injection/callback/CallbackInfo;)V has 0 override(s) in child classes
[00:17:49] [main/DEBUG] (FabricLoader/Mixin) aether.mixins.json:accessory.cape.AetherDevCapeMixin from mod aether->@Inject::injectCapeOverride(Lnet/minecraft/core/entity/player/Player;FLorg/spongepowered/asm/mixin/injection/callback/CallbackInfo;)V won't be passed a CallbackInfo as a result
[00:17:49] [main/DEBUG] (FabricLoader/Mixin) aether.mixins.json:accessory.cape.AetherDevCapeMixin from mod aether->@Inject::injectCapeOverride(Lnet/minecraft/core/entity/player/Player;FLorg/spongepowered/asm/mixin/injection/callback/CallbackInfo;)V doesn't use it's CallbackInfo
[00:17:49] [main/DEBUG] (FabricLoader/Mixin) aether.mixins.json:accessory.cape.AetherDevCapeMixin from mod aether->@Inject::injectCapeOverride(Lnet/minecraft/core/entity/player/Player;FLorg/spongepowered/asm/mixin/injection/callback/CallbackInfo;)V has 0 override(s) in child classes
[00:17:49] [main/DEBUG] (FabricLoader/Mixin) aether.mixins.json:accessory.cape.AetherDevCapeMixin from mod aether->@Inject::injectCapeOverride(Lnet/minecraft/core/entity/player/Player;FLorg/spongepowered/asm/mixin/injection/callback/CallbackInfo;)V won't be passed a CallbackInfo as a result
[00:17:49] [main/DEBUG] (FabricLoader/Mixin) aether.mixins.json:accessory.cape.MobRendererPlayerMixinCapeRender from mod aether->@Inject::renderPlayerInvisSpecial(Lnet/minecraft/core/entity/player/Player;FLorg/spongepowered/asm/mixin/injection/callback/CallbackInfo;)V doesn't use it's CallbackInfo
[00:17:49] [main/DEBUG] (FabricLoader/Mixin) aether.mixins.json:accessory.cape.MobRendererPlayerMixinCapeRender from mod aether->@Inject::renderPlayerInvisSpecial(Lnet/minecraft/core/entity/player/Player;FLorg/spongepowered/asm/mixin/injection/callback/CallbackInfo;)V has 0 override(s) in child classes
[00:17:49] [main/DEBUG] (FabricLoader/Mixin) aether.mixins.json:accessory.cape.MobRendererPlayerMixinCapeRender from mod aether->@Inject::renderPlayerInvisSpecial(Lnet/minecraft/core/entity/player/Player;FLorg/spongepowered/asm/mixin/injection/callback/CallbackInfo;)V won't be passed a CallbackInfo as a result
[00:17:49] [main/DEBUG] (FabricLoader/Mixin) aether.mixins.json:accessory.cape.MobRendererPlayerMixinCapeRender from mod aether->@Inject::renderPlayerInvisSpecial(Lnet/minecraft/core/entity/player/Player;FLorg/spongepowered/asm/mixin/injection/callback/CallbackInfo;)V doesn't use it's CallbackInfo
[00:17:49] [main/DEBUG] (FabricLoader/Mixin) aether.mixins.json:accessory.cape.MobRendererPlayerMixinCapeRender from mod aether->@Inject::renderPlayerInvisSpecial(Lnet/minecraft/core/entity/player/Player;FLorg/spongepowered/asm/mixin/injection/callback/CallbackInfo;)V has 0 override(s) in child classes
[00:17:49] [main/DEBUG] (FabricLoader/Mixin) aether.mixins.json:accessory.cape.MobRendererPlayerMixinCapeRender from mod aether->@Inject::renderPlayerInvisSpecial(Lnet/minecraft/core/entity/player/Player;FLorg/spongepowered/asm/mixin/injection/callback/CallbackInfo;)V won't be passed a CallbackInfo as a result
[00:17:49] [main/DEBUG] (FabricLoader/Mixin) aether.mixins.json:accessory.cape.MobRendererPlayerMixinCapeRender from mod aether->@Inject::renderPlayerInvisSpecial(Lnet/minecraft/core/entity/player/Player;FLorg/spongepowered/asm/mixin/injection/callback/CallbackInfo;)V doesn't use it's CallbackInfo
[00:17:49] [main/DEBUG] (FabricLoader/Mixin) aether.mixins.json:accessory.cape.MobRendererPlayerMixinCapeRender from mod aether->@Inject::renderPlayerInvisSpecial(Lnet/minecraft/core/entity/player/Player;FLorg/spongepowered/asm/mixin/injection/callback/CallbackInfo;)V has 0 override(s) in child classes
[00:17:49] [main/DEBUG] (FabricLoader/Mixin) aether.mixins.json:accessory.cape.MobRendererPlayerMixinCapeRender from mod aether->@Inject::renderPlayerInvisSpecial(Lnet/minecraft/core/entity/player/Player;FLorg/spongepowered/asm/mixin/injection/callback/CallbackInfo;)V won't be passed a CallbackInfo as a result
[00:17:49] [main/DEBUG] (FabricLoader/Mixin) aether.mixins.json:accessory.cape.MobRendererPlayerMixinCapeRender from mod aether->@Inject::renderPlayerInvisSpecial(Lnet/minecraft/core/entity/player/Player;FLorg/spongepowered/asm/mixin/injection/callback/CallbackInfo;)V doesn't use it's CallbackInfo
[00:17:49] [main/DEBUG] (FabricLoader/Mixin) aether.mixins.json:accessory.cape.MobRendererPlayerMixinCapeRender from mod aether->@Inject::renderPlayerInvisSpecial(Lnet/minecraft/core/entity/player/Player;FLorg/spongepowered/asm/mixin/injection/callback/CallbackInfo;)V has 0 override(s) in child classes
[00:17:49] [main/DEBUG] (FabricLoader/Mixin) aether.mixins.json:accessory.cape.MobRendererPlayerMixinCapeRender from mod aether->@Inject::renderPlayerInvisSpecial(Lnet/minecraft/core/entity/player/Player;FLorg/spongepowered/asm/mixin/injection/callback/CallbackInfo;)V won't be passed a CallbackInfo as a result
[00:17:49] [main/DEBUG] (FabricLoader/Mixin) aether.mixins.json:accessory.cape.MobRendererPlayerMixinCapeRender from mod aether->@Inject::renderPlayerInvisSpecial(Lnet/minecraft/core/entity/player/Player;FLorg/spongepowered/asm/mixin/injection/callback/CallbackInfo;)V doesn't use it's CallbackInfo
[00:17:49] [main/DEBUG] (FabricLoader/Mixin) aether.mixins.json:accessory.cape.MobRendererPlayerMixinCapeRender from mod aether->@Inject::renderPlayerInvisSpecial(Lnet/minecraft/core/entity/player/Player;FLorg/spongepowered/asm/mixin/injection/callback/CallbackInfo;)V has 0 override(s) in child classes
[00:17:49] [main/DEBUG] (FabricLoader/Mixin) aether.mixins.json:accessory.cape.MobRendererPlayerMixinCapeRender from mod aether->@Inject::renderPlayerInvisSpecial(Lnet/minecraft/core/entity/player/Player;FLorg/spongepowered/asm/mixin/injection/callback/CallbackInfo;)V won't be passed a CallbackInfo as a result
[00:17:49] [main/DEBUG] (FabricLoader/Mixin) aether.mixins.json:accessory.cape.MobRendererPlayerMixinCapeRender from mod aether->@Inject::renderPlayerInvisSpecial(Lnet/minecraft/core/entity/player/Player;FLorg/spongepowered/asm/mixin/injection/callback/CallbackInfo;)V doesn't use it's CallbackInfo
[00:17:49] [main/DEBUG] (FabricLoader/Mixin) aether.mixins.json:accessory.cape.MobRendererPlayerMixinCapeRender from mod aether->@Inject::renderPlayerInvisSpecial(Lnet/minecraft/core/entity/player/Player;FLorg/spongepowered/asm/mixin/injection/callback/CallbackInfo;)V has 0 override(s) in child classes
[00:17:49] [main/DEBUG] (FabricLoader/Mixin) aether.mixins.json:accessory.cape.MobRendererPlayerMixinCapeRender from mod aether->@Inject::renderPlayerInvisSpecial(Lnet/minecraft/core/entity/player/Player;FLorg/spongepowered/asm/mixin/injection/callback/CallbackInfo;)V won't be passed a CallbackInfo as a result
[00:17:49] [main/DEBUG] (FabricLoader/Mixin) aether.mixins.json:accessory.cape.MobRendererPlayerMixinCapeRender from mod aether->@Inject::renderAetherCape(Lnet/minecraft/core/entity/player/Player;FLorg/spongepowered/asm/mixin/injection/callback/CallbackInfo;)V doesn't use it's CallbackInfo
[00:17:49] [main/DEBUG] (FabricLoader/Mixin) aether.mixins.json:accessory.cape.MobRendererPlayerMixinCapeRender from mod aether->@Inject::renderAetherCape(Lnet/minecraft/core/entity/player/Player;FLorg/spongepowered/asm/mixin/injection/callback/CallbackInfo;)V has 0 override(s) in child classes
[00:17:49] [main/DEBUG] (FabricLoader/Mixin) aether.mixins.json:accessory.cape.MobRendererPlayerMixinCapeRender from mod aether->@Inject::renderAetherCape(Lnet/minecraft/core/entity/player/Player;FLorg/spongepowered/asm/mixin/injection/callback/CallbackInfo;)V won't be passed a CallbackInfo as a result
[00:17:49] [main/DEBUG] (FabricLoader/Mixin) aether.mixins.json:accessory.quiver.MobRendererPlayerMixinCapeQuiver from mod aether->@Inject::setArmorModel(Lnet/minecraft/core/entity/player/Player;IFLorg/spongepowered/asm/mixin/injection/callback/CallbackInfoReturnable;)V does use it's CallbackInfoReturnable
[00:17:49] [main/DEBUG] (FabricLoader/Mixin) Mixing models.TileEntityRendererDispatcherMixin from halplibe.mixins.json into net.minecraft.client.render.TileEntityRenderDispatcher
[00:17:49] [main/DEBUG] (FabricLoader/Mixin) Renaming synthetic method lambda$addQueuedModels$0(Lturniplabs/halplibe/util/ModelEntrypoint;)V to md1f3d86$halplibe$lambda$addQueuedModels$0$0 in halplibe.mixins.json:models.TileEntityRendererDispatcherMixin from mod halplibe
[00:17:49] [main/DEBUG] (FabricLoader/Mixin) halplibe.mixins.json:models.TileEntityRendererDispatcherMixin from mod halplibe->@Inject::addQueuedModels(Lorg/spongepowered/asm/mixin/injection/callback/CallbackInfo;)V doesn't use it's CallbackInfo
[00:17:49] [main/DEBUG] (FabricLoader/Mixin) halplibe.mixins.json:models.TileEntityRendererDispatcherMixin from mod halplibe->@Inject::addQueuedModels(Lorg/spongepowered/asm/mixin/injection/callback/CallbackInfo;)V has 0 override(s) in child classes
[00:17:49] [main/DEBUG] (FabricLoader/Mixin) halplibe.mixins.json:models.TileEntityRendererDispatcherMixin from mod halplibe->@Inject::addQueuedModels(Lorg/spongepowered/asm/mixin/injection/callback/CallbackInfo;)V won't be passed a CallbackInfo as a result
[00:17:49] [main/INFO] (net.minecraft.client.Minecraft) Drawing Loading Screen...
[00:17:49] [main/INFO] (net.minecraft.client.Minecraft) Initializing input
[00:17:49] [main/INFO] (net.minecraft.client.input.InputHandler) 2 controllers found!
[00:17:49] [main/INFO] (net.minecraft.client.Minecraft) Input done!
[00:17:49] [main/INFO] (net.minecraft.client.Minecraft) Setting up OpenGL values...
[00:17:49] [main/INFO] (net.minecraft.core.util.helper.LoggedPrintStream) [STDOUT]: 
[00:17:49] [main/INFO] (net.minecraft.core.util.helper.LoggedPrintStream) [STDOUT]: Starting up SoundSystem...
[00:17:49] [Thread-1/INFO] (net.minecraft.core.util.helper.LoggedPrintStream) [STDOUT]: Initializing LWJGL OpenAL
[00:17:49] [Thread-1/INFO] (net.minecraft.core.util.helper.LoggedPrintStream) [STDOUT]:     (The LWJGL3 binding of OpenAL.  For more information, see http://www.lwjgl.org)
[00:17:49] [Thread-1/INFO] (net.minecraft.core.util.helper.LoggedPrintStream) [STDOUT]: OpenAL initialized.
[00:17:50] [main/INFO] (net.minecraft.core.util.helper.LoggedPrintStream) [STDOUT]: 
[00:17:50] [main/INFO] (net.minecraft.client.Minecraft) Drawing Loading Screen...
[00:17:50] [main/INFO] (net.minecraft.client.render.customatlas.CustomAtlasHandler) Active Texture Packs: 
[00:17:50] [main/INFO] (net.minecraft.client.render.TextureManager) Initializing Dynamic Textures...
[00:17:50] [main/INFO] (net.minecraft.client.render.texture.Texture) Generating Mipmaps...
[00:17:50] [main/INFO] (net.minecraft.client.render.texture.Texture) Generating Mipmaps...
[00:17:50] [main/INFO] (net.minecraft.core.util.helper.LoggedPrintStream) [STDOUT]: Expanding buffer to 4194304
[00:17:50] [main/INFO] (net.minecraft.client.render.texture.Texture) Generating Mipmaps...
[00:17:50] [main/INFO] (net.minecraft.client.render.texture.Texture) Generating Mipmaps...
[00:17:50] [main/DEBUG] (FabricLoader/Mixin) Mixing FontRendererMixin from catalyst.mixins.json into net.minecraft.client.render.Font
[00:17:50] [main/DEBUG] (FabricLoader/Mixin) catalyst.mixins.json:FontRendererMixin from mod catalyst-core->@Inject::disableLightmap(Ljava/lang/String;ZLorg/spongepowered/asm/mixin/injection/callback/CallbackInfo;)V doesn't use it's CallbackInfo
[00:17:50] [main/DEBUG] (FabricLoader/Mixin) catalyst.mixins.json:FontRendererMixin from mod catalyst-core->@Inject::disableLightmap(Ljava/lang/String;ZLorg/spongepowered/asm/mixin/injection/callback/CallbackInfo;)V has 0 override(s) in child classes
[00:17:50] [main/DEBUG] (FabricLoader/Mixin) catalyst.mixins.json:FontRendererMixin from mod catalyst-core->@Inject::disableLightmap(Ljava/lang/String;ZLorg/spongepowered/asm/mixin/injection/callback/CallbackInfo;)V won't be passed a CallbackInfo as a result
[00:17:50] [main/DEBUG] (FabricLoader/Mixin) catalyst.mixins.json:FontRendererMixin from mod catalyst-core->@Inject::disableLightmap(Ljava/lang/String;ZLorg/spongepowered/asm/mixin/injection/callback/CallbackInfo;)V doesn't use it's CallbackInfo
[00:17:50] [main/DEBUG] (FabricLoader/Mixin) catalyst.mixins.json:FontRendererMixin from mod catalyst-core->@Inject::disableLightmap(Ljava/lang/String;ZLorg/spongepowered/asm/mixin/injection/callback/CallbackInfo;)V has 0 override(s) in child classes
[00:17:50] [main/DEBUG] (FabricLoader/Mixin) catalyst.mixins.json:FontRendererMixin from mod catalyst-core->@Inject::disableLightmap(Ljava/lang/String;ZLorg/spongepowered/asm/mixin/injection/callback/CallbackInfo;)V won't be passed a CallbackInfo as a result
[00:17:50] [main/DEBUG] (FabricLoader/Mixin) catalyst.mixins.json:FontRendererMixin from mod catalyst-core->@Inject::disableLightmap2(CZLorg/spongepowered/asm/mixin/injection/callback/CallbackInfoReturnable;)V doesn't use it's CallbackInfoReturnable
[00:17:50] [main/DEBUG] (FabricLoader/Mixin) catalyst.mixins.json:FontRendererMixin from mod catalyst-core->@Inject::disableLightmap2(CZLorg/spongepowered/asm/mixin/injection/callback/CallbackInfoReturnable;)V has 0 override(s) in child classes
[00:17:50] [main/DEBUG] (FabricLoader/Mixin) catalyst.mixins.json:FontRendererMixin from mod catalyst-core->@Inject::disableLightmap2(CZLorg/spongepowered/asm/mixin/injection/callback/CallbackInfoReturnable;)V won't be passed a CallbackInfoReturnable as a result
[00:17:50] [main/DEBUG] (FabricLoader/Mixin) catalyst.mixins.json:FontRendererMixin from mod catalyst-core->@Inject::disableLightmap3(CZLorg/spongepowered/asm/mixin/injection/callback/CallbackInfoReturnable;)V doesn't use it's CallbackInfoReturnable
[00:17:50] [main/DEBUG] (FabricLoader/Mixin) catalyst.mixins.json:FontRendererMixin from mod catalyst-core->@Inject::disableLightmap3(CZLorg/spongepowered/asm/mixin/injection/callback/CallbackInfoReturnable;)V has 0 override(s) in child classes
[00:17:50] [main/DEBUG] (FabricLoader/Mixin) catalyst.mixins.json:FontRendererMixin from mod catalyst-core->@Inject::disableLightmap3(CZLorg/spongepowered/asm/mixin/injection/callback/CallbackInfoReturnable;)V won't be passed a CallbackInfoReturnable as a result
[00:17:50] [main/DEBUG] (FabricLoader/Mixin) Mixing accessors.IPlayerControllerAccessor from btwaila.mixins.json into net.minecraft.client.player.controller.PlayerController
[00:17:50] [main/DEBUG] (FabricLoader/Mixin) Mixing accessory.trinket.PlayerControllerDiamondDelayMixin from aether.mixins.json into net.minecraft.client.player.controller.PlayerController
[00:17:50] [main/DEBUG] (FabricLoader/Mixin) Mixing item.PlayerControllerValkToolsReachMixin from aether.mixins.json into net.minecraft.client.player.controller.PlayerController
[00:17:50] [main/DEBUG] (FabricLoader/Mixin) aether.mixins.json:accessory.trinket.PlayerControllerDiamondDelayMixin from mod aether->@Inject::BlockHitDelay(Lorg/spongepowered/asm/mixin/injection/callback/CallbackInfo;)V doesn't use it's CallbackInfo
[00:17:50] [main/DEBUG] (FabricLoader/Mixin) aether.mixins.json:accessory.trinket.PlayerControllerDiamondDelayMixin from mod aether->@Inject::BlockHitDelay(Lorg/spongepowered/asm/mixin/injection/callback/CallbackInfo;)V has 0 override(s) in child classes
[00:17:50] [main/DEBUG] (FabricLoader/Mixin) aether.mixins.json:accessory.trinket.PlayerControllerDiamondDelayMixin from mod aether->@Inject::BlockHitDelay(Lorg/spongepowered/asm/mixin/injection/callback/CallbackInfo;)V won't be passed a CallbackInfo as a result
[00:17:50] [main/DEBUG] (FabricLoader/Mixin) Mixing accessory.trinket.ItemElementMixinHoverShowSlot from aether.mixins.json into net.minecraft.client.gui.ItemElement
[00:17:50] [main/DEBUG] (FabricLoader/Mixin) Mixing GuiButtonAccessor from mixins.modmenu.json into net.minecraft.client.gui.ButtonElement
[00:17:50] [main/DEBUG] (FabricLoader/Mixin) Mixing TooltipElementMixin from catalyst.mixins.json into net.minecraft.client.gui.TooltipElement
[00:17:50] [main/DEBUG] (FabricLoader/Mixin) catalyst.mixins.json:TooltipElementMixin from mod catalyst-core->@Inject::injectCustomTooltip(Lnet/minecraft/core/item/ItemStack;ZLnet/minecraft/core/player/inventory/slot/Slot;Lorg/spongepowered/asm/mixin/injection/callback/CallbackInfoReturnable;)V doesn't use it's CallbackInfoReturnable
[00:17:50] [main/DEBUG] (FabricLoader/Mixin) catalyst.mixins.json:TooltipElementMixin from mod catalyst-core->@Inject::injectCustomTooltip(Lnet/minecraft/core/item/ItemStack;ZLnet/minecraft/core/player/inventory/slot/Slot;Lorg/spongepowered/asm/mixin/injection/callback/CallbackInfoReturnable;)V has 0 override(s) in child classes
[00:17:50] [main/DEBUG] (FabricLoader/Mixin) catalyst.mixins.json:TooltipElementMixin from mod catalyst-core->@Inject::injectCustomTooltip(Lnet/minecraft/core/item/ItemStack;ZLnet/minecraft/core/player/inventory/slot/Slot;Lorg/spongepowered/asm/mixin/injection/callback/CallbackInfoReturnable;)V won't be passed a CallbackInfoReturnable as a result
[00:17:50] [main/DEBUG] (FabricLoader/Mixin) catalyst.mixins.json:TooltipElementMixin from mod catalyst-core->@Inject::injectPersistentTooltip(Lnet/minecraft/core/item/ItemStack;ZLnet/minecraft/core/player/inventory/slot/Slot;Lorg/spongepowered/asm/mixin/injection/callback/CallbackInfoReturnable;)V doesn't use it's CallbackInfoReturnable
[00:17:50] [main/DEBUG] (FabricLoader/Mixin) catalyst.mixins.json:TooltipElementMixin from mod catalyst-core->@Inject::injectPersistentTooltip(Lnet/minecraft/core/item/ItemStack;ZLnet/minecraft/core/player/inventory/slot/Slot;Lorg/spongepowered/asm/mixin/injection/callback/CallbackInfoReturnable;)V has 0 override(s) in child classes
[00:17:50] [main/DEBUG] (FabricLoader/Mixin) catalyst.mixins.json:TooltipElementMixin from mod catalyst-core->@Inject::injectPersistentTooltip(Lnet/minecraft/core/item/ItemStack;ZLnet/minecraft/core/player/inventory/slot/Slot;Lorg/spongepowered/asm/mixin/injection/callback/CallbackInfoReturnable;)V won't be passed a CallbackInfoReturnable as a result
[00:17:50] [main/DEBUG] (FabricLoader/Mixin) Mixing TextFieldEditorAccessor from mixins.modmenu.json into net.minecraft.client.gui.text.TextFieldEditor
[00:17:50] [main/INFO] (net.minecraft.client.Minecraft) Drawing Loading Screen...
[00:17:50] [main/INFO] (net.minecraft.client.Minecraft) Initializing Renderer...
[00:17:50] [main/DEBUG] (FabricLoader/Mixin) Mixing RenderGlobalMixin from catalyst.mixins.json into net.minecraft.client.render.RenderGlobal
[00:17:50] [main/DEBUG] (FabricLoader/Mixin) Mixing entity.RenderSliderBoundingBoxMixin from aether.mixins.json into net.minecraft.client.render.RenderGlobal
[00:17:50] [main/DEBUG] (FabricLoader/Mixin) Mixing fix.RenderGlobalMixin from aether.mixins.json into net.minecraft.client.render.RenderGlobal
[00:17:50] [main/DEBUG] (FabricLoader/Mixin) catalyst.mixins.json:RenderGlobalMixin from mod catalyst-core->@Inject::renderWorld(Lnet/minecraft/client/render/camera/ICamera;FLorg/spongepowered/asm/mixin/injection/callback/CallbackInfo;)V doesn't use it's CallbackInfo
[00:17:50] [main/DEBUG] (FabricLoader/Mixin) catalyst.mixins.json:RenderGlobalMixin from mod catalyst-core->@Inject::renderWorld(Lnet/minecraft/client/render/camera/ICamera;FLorg/spongepowered/asm/mixin/injection/callback/CallbackInfo;)V has 0 override(s) in child classes
[00:17:50] [main/DEBUG] (FabricLoader/Mixin) catalyst.mixins.json:RenderGlobalMixin from mod catalyst-core->@Inject::renderWorld(Lnet/minecraft/client/render/camera/ICamera;FLorg/spongepowered/asm/mixin/injection/callback/CallbackInfo;)V won't be passed a CallbackInfo as a result
[00:17:50] [main/DEBUG] (FabricLoader/Mixin) aether.mixins.json:entity.RenderSliderBoundingBoxMixin from mod aether->@Inject::undoGrow(Lnet/minecraft/core/entity/Entity;Lnet/minecraft/client/render/camera/ICamera;FLorg/spongepowered/asm/mixin/injection/callback/CallbackInfo;)V does use it's CallbackInfo
[00:17:50] [main/DEBUG] (FabricLoader/Mixin) aether.mixins.json:fix.RenderGlobalMixin from mod aether->@Inject::fixCustomRecordTranslation(Ljava/lang/String;Ljava/lang/String;IIILorg/spongepowered/asm/mixin/injection/callback/CallbackInfo;)V does use it's CallbackInfo
[00:17:50] [main/INFO] (net.minecraft.client.Minecraft) Starting Resource Download Thread...
[00:17:50] [Resource Download/INFO] (net.minecraft.client.net.thread.ThreadDownloadResources) Downloading sounds...
[00:17:50] [main/INFO] (net.minecraft.core.data.DataLoader) Registered 23 recipes from /recipes/blast_furnace.json
[00:17:50] [main/INFO] (net.minecraft.core.data.DataLoader) Registered 24 recipes from /recipes/furnace.json
[00:17:50] [main/INFO] (net.minecraft.core.data.DataLoader) Registered 6 recipes from /recipes/trommel.json
[00:17:50] [main/INFO] (net.minecraft.core.data.DataLoader) Registered 487 recipes from /recipes/workbench.json
[00:17:50] [main/INFO] (net.minecraft.core.data.DataLoader) Registered 16 recipes from /assets/aether/recipes/freezer.json
[00:17:50] [main/INFO] (net.minecraft.core.data.DataLoader) Registered 7 recipes from /assets/aether/recipes/incubator.json
[00:17:50] [main/INFO] (net.minecraft.core.data.DataLoader) Registered 13 recipes from /assets/aether/recipes/enchanter.json
[00:17:50] [main/INFO] (net.minecraft.core.data.DataLoader) Registered 20 recipes from /assets/aether/recipes/workbench.json
[00:17:50] [main/INFO] (net.minecraft.client.Minecraft) 59 item groups.
[00:17:50] [main/INFO] (net.minecraft.client.Minecraft) 876 recipes in 11 groups in 2 namespaces.
[00:17:51] [main/INFO] (net.minecraft.client.Minecraft) Drawing Loading Screen...
[00:17:51] [main/INFO] (net.minecraft.core.util.helper.LoggedPrintStream) [STDOUT]: Change to Windowed
[00:17:51] [main/INFO] (catalyst-effects) 2 attributes registered.
[00:17:51] [main/INFO] (catalyst-effects) 2 effects registered.
[00:17:51] [main/INFO] (catalyst-effects) Catalyst: Effects initialized.
[00:17:51] [main/INFO] (btwaila) BTWaila initialized.
[00:17:51] [main/INFO] (btwaila) BTWaila VersionHelper: major=1, minor=2, patch=2 [1.2.2]
[00:17:51] [main/DEBUG] (FabricLoader/Mixin) Mixing WallaceMixin from compat/aether/waila/waila.mixins.json into toufoumaster.btwaila.gui.components.BaseInfoComponent
[00:17:51] [main/DEBUG] (FabricLoader/Mixin) compat/aether/waila/waila.mixins.json:WallaceMixin from mod (unknown)->@Inject::injectMimicName(Lnet/minecraft/core/block/Block;I[Lnet/minecraft/core/item/ItemStack;Lorg/spongepowered/asm/mixin/injection/callback/CallbackInfo;)V doesn't use it's CallbackInfo
[00:17:51] [main/DEBUG] (FabricLoader/Mixin) compat/aether/waila/waila.mixins.json:WallaceMixin from mod (unknown)->@Inject::injectMimicName(Lnet/minecraft/core/block/Block;I[Lnet/minecraft/core/item/ItemStack;Lorg/spongepowered/asm/mixin/injection/callback/CallbackInfo;)V has 0 override(s) in child classes
[00:17:51] [main/DEBUG] (FabricLoader/Mixin) compat/aether/waila/waila.mixins.json:WallaceMixin from mod (unknown)->@Inject::injectMimicName(Lnet/minecraft/core/block/Block;I[Lnet/minecraft/core/item/ItemStack;Lorg/spongepowered/asm/mixin/injection/callback/CallbackInfo;)V won't be passed a CallbackInfo as a result
[00:17:51] [main/INFO] (btwaila|client) Loading implementations.
[00:17:51] [main/INFO] (btwaila) Adding tooltips for: InventoryTooltip
[00:17:51] [main/INFO] (btwaila) Adding tooltips for: BasketTooltip
[00:17:51] [main/INFO] (btwaila) Adding tooltips for: FlagTooltip
[00:17:51] [main/INFO] (btwaila) Adding tooltips for: FurnaceTooltip
[00:17:51] [main/INFO] (btwaila) Adding tooltips for: JarToolTip
[00:17:51] [main/INFO] (btwaila) Adding tooltips for: MobSpawnerTooltip
[00:17:51] [main/INFO] (btwaila) Adding tooltips for: NoteBlockTooltip
[00:17:51] [main/INFO] (btwaila) Adding tooltips for: JukeboxTooltip
[00:17:51] [main/INFO] (btwaila) Adding tooltips for: SeatTooltip
[00:17:51] [main/INFO] (btwaila) Adding tooltips for: SignTooltip
[00:17:51] [main/INFO] (btwaila) Adding tooltips for: TrommelTooltip
[00:17:51] [main/INFO] (btwaila) Adding tooltips for: ChickenTooltip
[00:17:51] [main/INFO] (btwaila) Adding tooltips for: BoatTooltip
[00:17:51] [main/INFO] (btwaila) Adding tooltips for: PigTooltip
[00:17:51] [main/INFO] (btwaila) Adding tooltips for: PaintingTooltip
[00:17:51] [main/INFO] (btwaila) Adding tooltips for: MinecartTooltip
[00:17:51] [main/INFO] (btwaila) Adding tooltips for: PlayerTooltip
[00:17:51] [main/INFO] (btwaila|client) Loading default tooltips..
[00:17:51] [main/INFO] (btwaila) Adding tooltips for: EnchanterTooltip
[00:17:51] [main/INFO] (btwaila) Adding tooltips for: FreezerTooltip
[00:17:51] [main/INFO] (btwaila) Adding tooltips for: IncubatorTooltip
[00:17:51] [main/INFO] (aether) Starting Resource Download Thread...
[00:17:51] [main/INFO] (net.minecraft.client.render.shader.ShadersRenderer) Display: 854 x 480, Render: 854 x 480
[00:17:51] [Aether Resource Download/INFO] (aether) Manifest Downloaded
[00:17:51] [Aether Resource Download/INFO] (aether) File Already Downloaded: /var/home/Rin/IdeaProjects/better-with-aether/resources/aether/sounds/music/clouds.ogg
[00:17:51] [Aether Resource Download/INFO] (aether) File Already Downloaded: /var/home/Rin/IdeaProjects/better-with-aether/resources/aether/sounds/music/sliderboss.ogg
[00:17:51] [Aether Resource Download/INFO] (aether) File Already Downloaded: /var/home/Rin/IdeaProjects/better-with-aether/resources/aether/sounds/music/menu.ogg
[00:17:51] [Aether Resource Download/INFO] (aether) File Already Downloaded: /var/home/Rin/IdeaProjects/better-with-aether/resources/aether/sounds/music/fireboss.ogg
[00:17:51] [Aether Resource Download/INFO] (aether) File Already Downloaded: /var/home/Rin/IdeaProjects/better-with-aether/resources/aether/sounds/music/approaches.ogg
[00:17:51] [Aether Resource Download/INFO] (aether) File Already Downloaded: /var/home/Rin/IdeaProjects/better-with-aether/resources/aether/sounds/music/a_light_in_the_night.ogg
[00:17:51] [Aether Resource Download/INFO] (aether) File Already Downloaded: /var/home/Rin/IdeaProjects/better-with-aether/resources/aether/sounds/music/brise.ogg
[00:17:51] [Aether Resource Download/INFO] (aether) File Already Downloaded: /var/home/Rin/IdeaProjects/better-with-aether/resources/aether/sounds/music/moas_song.ogg
[00:17:51] [Aether Resource Download/INFO] (aether) File Already Downloaded: /var/home/Rin/IdeaProjects/better-with-aether/resources/aether/sounds/music/crepusculum.ogg
[00:17:51] [Aether Resource Download/INFO] (aether) File Already Downloaded: /var/home/Rin/IdeaProjects/better-with-aether/resources/aether/sounds/music/meadow.ogg
[00:17:51] [Aether Resource Download/INFO] (aether) File Already Downloaded: /var/home/Rin/IdeaProjects/better-with-aether/resources/aether/sounds/music/welcome_to_paradise.ogg
[00:17:51] [Aether Resource Download/INFO] (aether) File Already Downloaded: /var/home/Rin/IdeaProjects/better-with-aether/resources/aether/sounds/music/wings.ogg
[00:17:51] [GetSkinUrlThread 0/INFO] (net.minecraft.core.util.helper.GetMonsterSkinUrlThread) Loading Skin for Player Useless7695...
[00:17:51] [Aether Resource Download/INFO] (aether) File Already Downloaded: /var/home/Rin/IdeaProjects/better-with-aether/resources/aether/sounds/record/ascending_dawn.ogg
[00:17:51] [Aether Resource Download/INFO] (aether) File Already Downloaded: /var/home/Rin/IdeaProjects/better-with-aether/resources/aether/sounds/record/menu_nether.ogg
[00:17:51] [Aether Resource Download/INFO] (aether) File Already Downloaded: /var/home/Rin/IdeaProjects/better-with-aether/resources/aether/sounds/record/aether_tune.ogg
[00:17:51] [GetSkinUrlThread 0/INFO] (net.minecraft.core.util.helper.GetMonsterSkinUrlThread) Skin URL: http://textures.minecraft.net/texture/2f7a8da1616e3acc11ae756acd9d34650d0672f50568844fa14d512039e3de0f
[00:17:51] [Aether Resource Download/INFO] (aether) File Already Downloaded: /var/home/Rin/IdeaProjects/better-with-aether/resources/aether/sounds/record/a_morning_wish.ogg
[00:17:55] [main/INFO] (net.minecraft.client.render.shader.ShadersRenderer) Display: 1920 x 1052, Render: 1920 x 1052
[00:18:03] [main/INFO] (net.minecraft.client.gui.ScreenConnecting) Connecting to 192.168.1.115, 25565
[00:18:03] [Thread-11/DEBUG] (FabricLoader/Mixin) Mixing PacketHandlerClientMixin from btwaila.mixins.json into net.minecraft.client.net.handler.PacketHandlerClient
[00:18:03] [Thread-11/DEBUG] (FabricLoader/Mixin) Mixing PacketHandlerClientMixin from uselessnumerical.mixins.json into net.minecraft.client.net.handler.PacketHandlerClient
[00:18:03] [Thread-11/DEBUG] (FabricLoader/Mixin) Mixing net.PacketHandlerClientMixinAetherMachines from aether.mixins.json into net.minecraft.client.net.handler.PacketHandlerClient
[00:18:03] [Thread-11/DEBUG] (FabricLoader/Mixin) Mixing PacketHandlerClientMixin from halplibe.mixins.json into net.minecraft.client.net.handler.PacketHandlerClient
[00:18:03] [Thread-11/DEBUG] (FabricLoader/Mixin) btwaila.mixins.json:PacketHandlerClientMixin from mod btwaila->@Inject::BTWaila$handleCustomPayload(Lnet/minecraft/core/net/packet/PacketCustomPayload;Lorg/spongepowered/asm/mixin/injection/callback/CallbackInfo;)V does use it's CallbackInfo
[00:18:03] [Thread-11/DEBUG] (FabricLoader/Mixin) uselessnumerical.mixins.json:PacketHandlerClientMixin from mod uselessnumerical->@Inject::handleCustomPayload(Lnet/minecraft/core/net/packet/PacketCustomPayload;Lorg/spongepowered/asm/mixin/injection/callback/CallbackInfo;)V doesn't use it's CallbackInfo
[00:18:03] [Thread-11/DEBUG] (FabricLoader/Mixin) uselessnumerical.mixins.json:PacketHandlerClientMixin from mod uselessnumerical->@Inject::handleCustomPayload(Lnet/minecraft/core/net/packet/PacketCustomPayload;Lorg/spongepowered/asm/mixin/injection/callback/CallbackInfo;)V has 0 override(s) in child classes
[00:18:03] [Thread-11/DEBUG] (FabricLoader/Mixin) uselessnumerical.mixins.json:PacketHandlerClientMixin from mod uselessnumerical->@Inject::handleCustomPayload(Lnet/minecraft/core/net/packet/PacketCustomPayload;Lorg/spongepowered/asm/mixin/injection/callback/CallbackInfo;)V won't be passed a CallbackInfo as a result
[00:18:03] [Thread-11/DEBUG] (FabricLoader/Mixin) uselessnumerical.mixins.json:PacketHandlerClientMixin from mod uselessnumerical->@Inject::checkCompatibilityWithServer(Lnet/minecraft/core/net/packet/PacketPreLogin;Lorg/spongepowered/asm/mixin/injection/callback/CallbackInfo;)V does use it's CallbackInfo
[00:18:03] [Thread-11/DEBUG] (FabricLoader/Mixin) uselessnumerical.mixins.json:PacketHandlerClientMixin from mod uselessnumerical->@Inject::redirectToConflictScreen(Ljava/lang/String;[Ljava/lang/Object;Lorg/spongepowered/asm/mixin/injection/callback/CallbackInfo;)V does use it's CallbackInfo
[00:18:03] [Thread-11/DEBUG] (FabricLoader/Mixin) aether.mixins.json:net.PacketHandlerClientMixinAetherMachines from mod aether->@Inject::handleAetherMachines(Lnet/minecraft/core/net/packet/PacketContainerOpen;Lorg/spongepowered/asm/mixin/injection/callback/CallbackInfo;)V doesn't use it's CallbackInfo
[00:18:03] [Thread-11/DEBUG] (FabricLoader/Mixin) aether.mixins.json:net.PacketHandlerClientMixinAetherMachines from mod aether->@Inject::handleAetherMachines(Lnet/minecraft/core/net/packet/PacketContainerOpen;Lorg/spongepowered/asm/mixin/injection/callback/CallbackInfo;)V has 0 override(s) in child classes
[00:18:03] [Thread-11/DEBUG] (FabricLoader/Mixin) aether.mixins.json:net.PacketHandlerClientMixinAetherMachines from mod aether->@Inject::handleAetherMachines(Lnet/minecraft/core/net/packet/PacketContainerOpen;Lorg/spongepowered/asm/mixin/injection/callback/CallbackInfo;)V won't be passed a CallbackInfo as a result
[00:18:03] [Thread-11/DEBUG] (FabricLoader/Mixin) halplibe.mixins.json:PacketHandlerClientMixin from mod halplibe->@Inject::handleLogin(Lnet/minecraft/core/net/packet/PacketLogin;Lorg/spongepowered/asm/mixin/injection/callback/CallbackInfo;)V doesn't use it's CallbackInfo
[00:18:03] [Thread-11/DEBUG] (FabricLoader/Mixin) halplibe.mixins.json:PacketHandlerClientMixin from mod halplibe->@Inject::handleLogin(Lnet/minecraft/core/net/packet/PacketLogin;Lorg/spongepowered/asm/mixin/injection/callback/CallbackInfo;)V has 0 override(s) in child classes
[00:18:03] [Thread-11/DEBUG] (FabricLoader/Mixin) halplibe.mixins.json:PacketHandlerClientMixin from mod halplibe->@Inject::handleLogin(Lnet/minecraft/core/net/packet/PacketLogin;Lorg/spongepowered/asm/mixin/injection/callback/CallbackInfo;)V won't be passed a CallbackInfo as a result
[00:18:03] [Thread-11/DEBUG] (FabricLoader/Mixin) halplibe.mixins.json:PacketHandlerClientMixin from mod halplibe->@Inject::handleCustomPayload(Lnet/minecraft/core/net/packet/PacketCustomPayload;Lorg/spongepowered/asm/mixin/injection/callback/CallbackInfo;)V doesn't use it's CallbackInfo
[00:18:03] [Thread-11/DEBUG] (FabricLoader/Mixin) halplibe.mixins.json:PacketHandlerClientMixin from mod halplibe->@Inject::handleCustomPayload(Lnet/minecraft/core/net/packet/PacketCustomPayload;Lorg/spongepowered/asm/mixin/injection/callback/CallbackInfo;)V has 0 override(s) in child classes
[00:18:03] [Thread-11/DEBUG] (FabricLoader/Mixin) halplibe.mixins.json:PacketHandlerClientMixin from mod halplibe->@Inject::handleCustomPayload(Lnet/minecraft/core/net/packet/PacketCustomPayload;Lorg/spongepowered/asm/mixin/injection/callback/CallbackInfo;)V won't be passed a CallbackInfo as a result
[00:18:03] [main/INFO] (uselessnumerical) Got server configuration
[00:18:03] [main/DEBUG] (FabricLoader/Mixin) Mixing LevelDataMixin from catalyst.mixins.json into net.minecraft.core.world.save.LevelData
[00:18:03] [main/DEBUG] (FabricLoader/Mixin) catalyst.mixins.json:LevelDataMixin from mod catalyst-core->@Inject::init(Lnet/minecraft/core/world/save/LevelData;Lorg/spongepowered/asm/mixin/injection/callback/CallbackInfo;)V doesn't use it's CallbackInfo
[00:18:03] [main/DEBUG] (FabricLoader/Mixin) catalyst.mixins.json:LevelDataMixin from mod catalyst-core->@Inject::init(Lnet/minecraft/core/world/save/LevelData;Lorg/spongepowered/asm/mixin/injection/callback/CallbackInfo;)V has 0 override(s) in child classes
[00:18:03] [main/DEBUG] (FabricLoader/Mixin) catalyst.mixins.json:LevelDataMixin from mod catalyst-core->@Inject::init(Lnet/minecraft/core/world/save/LevelData;Lorg/spongepowered/asm/mixin/injection/callback/CallbackInfo;)V won't be passed a CallbackInfo as a result
[00:18:03] [main/DEBUG] (FabricLoader/Mixin) catalyst.mixins.json:LevelDataMixin from mod catalyst-core->@Inject::read(Lcom/mojang/nbt/tags/CompoundTag;Lorg/spongepowered/asm/mixin/injection/callback/CallbackInfo;)V doesn't use it's CallbackInfo
[00:18:03] [main/DEBUG] (FabricLoader/Mixin) catalyst.mixins.json:LevelDataMixin from mod catalyst-core->@Inject::read(Lcom/mojang/nbt/tags/CompoundTag;Lorg/spongepowered/asm/mixin/injection/callback/CallbackInfo;)V has 0 override(s) in child classes
[00:18:03] [main/DEBUG] (FabricLoader/Mixin) catalyst.mixins.json:LevelDataMixin from mod catalyst-core->@Inject::read(Lcom/mojang/nbt/tags/CompoundTag;Lorg/spongepowered/asm/mixin/injection/callback/CallbackInfo;)V won't be passed a CallbackInfo as a result
[00:18:03] [main/DEBUG] (FabricLoader/Mixin) catalyst.mixins.json:LevelDataMixin from mod catalyst-core->@Inject::write(Lcom/mojang/nbt/tags/CompoundTag;Lcom/mojang/nbt/tags/CompoundTag;Lorg/spongepowered/asm/mixin/injection/callback/CallbackInfo;)V doesn't use it's CallbackInfo
[00:18:03] [main/DEBUG] (FabricLoader/Mixin) catalyst.mixins.json:LevelDataMixin from mod catalyst-core->@Inject::write(Lcom/mojang/nbt/tags/CompoundTag;Lcom/mojang/nbt/tags/CompoundTag;Lorg/spongepowered/asm/mixin/injection/callback/CallbackInfo;)V has 0 override(s) in child classes
[00:18:03] [main/DEBUG] (FabricLoader/Mixin) catalyst.mixins.json:LevelDataMixin from mod catalyst-core->@Inject::write(Lcom/mojang/nbt/tags/CompoundTag;Lcom/mojang/nbt/tags/CompoundTag;Lorg/spongepowered/asm/mixin/injection/callback/CallbackInfo;)V won't be passed a CallbackInfo as a result
[00:18:03] [main/DEBUG] (FabricLoader/Mixin) Mixing accessory.MenuInventoryMixinAddSlotAdjSlot from aether.mixins.json into net.minecraft.core.player.inventory.menu.MenuInventory
[00:18:03] [main/DEBUG] (FabricLoader/Mixin) aether.mixins.json:accessory.MenuInventoryMixinAddSlotAdjSlot from mod aether->@Inject::addingAndAdjustingSlots(Lnet/minecraft/core/player/inventory/container/ContainerInventory;ZLorg/spongepowered/asm/mixin/injection/callback/CallbackInfo;)V doesn't use it's CallbackInfo
[00:18:03] [main/DEBUG] (FabricLoader/Mixin) aether.mixins.json:accessory.MenuInventoryMixinAddSlotAdjSlot from mod aether->@Inject::addingAndAdjustingSlots(Lnet/minecraft/core/player/inventory/container/ContainerInventory;ZLorg/spongepowered/asm/mixin/injection/callback/CallbackInfo;)V has 0 override(s) in child classes
[00:18:03] [main/DEBUG] (FabricLoader/Mixin) aether.mixins.json:accessory.MenuInventoryMixinAddSlotAdjSlot from mod aether->@Inject::addingAndAdjustingSlots(Lnet/minecraft/core/player/inventory/container/ContainerInventory;ZLorg/spongepowered/asm/mixin/injection/callback/CallbackInfo;)V won't be passed a CallbackInfo as a result
[00:18:03] [main/DEBUG] (FabricLoader/Mixin) aether.mixins.json:accessory.MenuInventoryMixinAddSlotAdjSlot from mod aether->@Inject::accessoryTargets(Lnet/minecraft/core/InventoryAction;Lnet/minecraft/core/player/inventory/slot/Slot;ILnet/minecraft/core/entity/player/Player;Lorg/spongepowered/asm/mixin/injection/callback/CallbackInfoReturnable;)V does use it's CallbackInfoReturnable
[00:18:03] [main/DEBUG] (FabricLoader/Mixin) aether.mixins.json:accessory.MenuInventoryMixinAddSlotAdjSlot from mod aether->@Inject::quiverTarget(Lnet/minecraft/core/InventoryAction;Lnet/minecraft/core/player/inventory/slot/Slot;ILnet/minecraft/core/entity/player/Player;Lorg/spongepowered/asm/mixin/injection/callback/CallbackInfoReturnable;)V doesn't use it's CallbackInfoReturnable
[00:18:03] [main/DEBUG] (FabricLoader/Mixin) aether.mixins.json:accessory.MenuInventoryMixinAddSlotAdjSlot from mod aether->@Inject::quiverTarget(Lnet/minecraft/core/InventoryAction;Lnet/minecraft/core/player/inventory/slot/Slot;ILnet/minecraft/core/entity/player/Player;Lorg/spongepowered/asm/mixin/injection/callback/CallbackInfoReturnable;)V has 0 override(s) in child classes
[00:18:03] [main/DEBUG] (FabricLoader/Mixin) aether.mixins.json:accessory.MenuInventoryMixinAddSlotAdjSlot from mod aether->@Inject::quiverTarget(Lnet/minecraft/core/InventoryAction;Lnet/minecraft/core/player/inventory/slot/Slot;ILnet/minecraft/core/entity/player/Player;Lorg/spongepowered/asm/mixin/injection/callback/CallbackInfoReturnable;)V won't be passed a CallbackInfoReturnable as a result
[00:18:03] [main/DEBUG] (FabricLoader/Mixin) Mixing accessors.MenuAbstractAccessor from aether.mixins.json into net.minecraft.core.player.inventory.menu.MenuAbstract
[00:18:03] [main/DEBUG] (FabricLoader/Mixin) Mixing gui.MenuInventoryAddCreativeItemsMixin from aether.mixins.json into net.minecraft.core.player.inventory.menu.MenuInventoryCreative
[00:18:03] [main/DEBUG] (FabricLoader/Mixin) aether.mixins.json:gui.MenuInventoryAddCreativeItemsMixin from mod aether->@Inject::injected(Lorg/spongepowered/asm/mixin/injection/callback/CallbackInfo;)V doesn't use it's CallbackInfo
[00:18:03] [main/INFO] (net.minecraft.client.render.colorizer.Colorizers) Using grass color from texture pack Default
[00:18:03] [main/INFO] (net.minecraft.client.render.colorizer.Colorizers) Using water color from texture pack Default
[00:18:03] [main/INFO] (net.minecraft.client.render.colorizer.Colorizers) Using stars color from texture pack Default
[00:18:03] [main/INFO] (net.minecraft.client.render.colorizer.Colorizers) Using oak color from texture pack Default
[00:18:03] [main/INFO] (net.minecraft.client.render.colorizer.Colorizers) Using birch color from texture pack Default
[00:18:03] [main/INFO] (net.minecraft.client.render.colorizer.Colorizers) Using pine color from texture pack Default
[00:18:03] [main/INFO] (net.minecraft.client.render.colorizer.Colorizers) Using cherry color from texture pack Default
[00:18:03] [main/INFO] (net.minecraft.client.render.colorizer.Colorizers) Using shrub color from texture pack Default
[00:18:03] [main/INFO] (net.minecraft.client.render.colorizer.Colorizers) Using eucalyptus color from texture pack Default
[00:18:03] [main/INFO] (net.minecraft.client.render.colorizer.Colorizers) Using cacao color from texture pack Default
[00:18:03] [main/INFO] (net.minecraft.client.render.colorizer.Colorizers) Using thorn color from texture pack Default
[00:18:03] [main/INFO] (net.minecraft.client.render.colorizer.Colorizers) Using palm color from texture pack Default
[00:18:03] [main/INFO] (net.minecraft.client.render.colorizer.Colorizers) Updating Colorizers
[00:18:03] [main/DEBUG] (FabricLoader/Mixin) Mixing accessory.ContainerInventoryMixinAccessory from aether.mixins.json into net.minecraft.core.player.inventory.container.ContainerInventory
[00:18:03] [main/DEBUG] (FabricLoader/Mixin) Mixing accessory.gloves.ContainerInventoryMixinGlovesDamage from aether.mixins.json into net.minecraft.core.player.inventory.container.ContainerInventory
[00:18:03] [main/DEBUG] (FabricLoader/Mixin) Mixing accessory.trinket.ContainerInventoryGetProtectionOfPendantMixin from aether.mixins.json into net.minecraft.core.player.inventory.container.ContainerInventory
[00:18:03] [main/DEBUG] (FabricLoader/Mixin) Mixing accessory.trinket.ContainerInventoryGetStrVsBlockPendantsMixin from aether.mixins.json into net.minecraft.core.player.inventory.container.ContainerInventory
[00:18:03] [main/DEBUG] (FabricLoader/Mixin) Mixing accessory.trinket.ContainerInventoryZanitePendantDamageMixin from aether.mixins.json into net.minecraft.core.player.inventory.container.ContainerInventory
[00:18:03] [main/DEBUG] (FabricLoader/Mixin) Mixing armor.player.zanite.ContainerInventoryMixinZanite from aether.mixins.json into net.minecraft.core.player.inventory.container.ContainerInventory
[00:18:03] [main/DEBUG] (FabricLoader/Mixin) aether.mixins.json:accessory.ContainerInventoryMixinAccessory from mod aether->@Inject::setNewSize(Lnet/minecraft/core/entity/player/Player;Lorg/spongepowered/asm/mixin/injection/callback/CallbackInfo;)V doesn't use it's CallbackInfo
[00:18:03] [main/DEBUG] (FabricLoader/Mixin) aether.mixins.json:accessory.ContainerInventoryMixinAccessory from mod aether->@Inject::setNewSize(Lnet/minecraft/core/entity/player/Player;Lorg/spongepowered/asm/mixin/injection/callback/CallbackInfo;)V has 0 override(s) in child classes
[00:18:03] [main/DEBUG] (FabricLoader/Mixin) aether.mixins.json:accessory.ContainerInventoryMixinAccessory from mod aether->@Inject::setNewSize(Lnet/minecraft/core/entity/player/Player;Lorg/spongepowered/asm/mixin/injection/callback/CallbackInfo;)V won't be passed a CallbackInfo as a result
[00:18:03] [main/DEBUG] (FabricLoader/Mixin) aether.mixins.json:accessory.ContainerInventoryMixinAccessory from mod aether->@Inject::activateAccessories(Lcom/mojang/nbt/tags/ListTag;Lorg/spongepowered/asm/mixin/injection/callback/CallbackInfo;)V doesn't use it's CallbackInfo
[00:18:03] [main/DEBUG] (FabricLoader/Mixin) aether.mixins.json:accessory.ContainerInventoryMixinAccessory from mod aether->@Inject::activateAccessories(Lcom/mojang/nbt/tags/ListTag;Lorg/spongepowered/asm/mixin/injection/callback/CallbackInfo;)V has 0 override(s) in child classes
[00:18:03] [main/DEBUG] (FabricLoader/Mixin) aether.mixins.json:accessory.ContainerInventoryMixinAccessory from mod aether->@Inject::activateAccessories(Lcom/mojang/nbt/tags/ListTag;Lorg/spongepowered/asm/mixin/injection/callback/CallbackInfo;)V won't be passed a CallbackInfo as a result
[00:18:03] [main/DEBUG] (FabricLoader/Mixin) aether.mixins.json:accessory.ContainerInventoryMixinAccessory from mod aether->@Inject::addArmorAnimations(Lorg/spongepowered/asm/mixin/injection/callback/CallbackInfo;)V doesn't use it's CallbackInfo
[00:18:03] [main/DEBUG] (FabricLoader/Mixin) aether.mixins.json:accessory.ContainerInventoryMixinAccessory from mod aether->@Inject::addArmorAnimations(Lorg/spongepowered/asm/mixin/injection/callback/CallbackInfo;)V has 0 override(s) in child classes
[00:18:03] [main/DEBUG] (FabricLoader/Mixin) aether.mixins.json:accessory.ContainerInventoryMixinAccessory from mod aether->@Inject::addArmorAnimations(Lorg/spongepowered/asm/mixin/injection/callback/CallbackInfo;)V won't be passed a CallbackInfo as a result
[00:18:03] [main/DEBUG] (FabricLoader/Mixin) aether.mixins.json:accessory.ContainerInventoryMixinAccessory from mod aether->@Inject::updateEffects(IILorg/spongepowered/asm/mixin/injection/callback/CallbackInfoReturnable;)V doesn't use it's CallbackInfoReturnable
[00:18:03] [main/DEBUG] (FabricLoader/Mixin) aether.mixins.json:accessory.ContainerInventoryMixinAccessory from mod aether->@Inject::updateEffects(IILorg/spongepowered/asm/mixin/injection/callback/CallbackInfoReturnable;)V has 0 override(s) in child classes
[00:18:03] [main/DEBUG] (FabricLoader/Mixin) aether.mixins.json:accessory.ContainerInventoryMixinAccessory from mod aether->@Inject::updateEffects(IILorg/spongepowered/asm/mixin/injection/callback/CallbackInfoReturnable;)V won't be passed a CallbackInfoReturnable as a result
[00:18:03] [main/DEBUG] (FabricLoader/Mixin) aether.mixins.json:accessory.ContainerInventoryMixinAccessory from mod aether->@Inject::updateEffects(ILnet/minecraft/core/item/ItemStack;Lorg/spongepowered/asm/mixin/injection/callback/CallbackInfo;)V doesn't use it's CallbackInfo
[00:18:03] [main/DEBUG] (FabricLoader/Mixin) aether.mixins.json:accessory.ContainerInventoryMixinAccessory from mod aether->@Inject::updateEffects(ILnet/minecraft/core/item/ItemStack;Lorg/spongepowered/asm/mixin/injection/callback/CallbackInfo;)V has 0 override(s) in child classes
[00:18:03] [main/DEBUG] (FabricLoader/Mixin) aether.mixins.json:accessory.ContainerInventoryMixinAccessory from mod aether->@Inject::updateEffects(ILnet/minecraft/core/item/ItemStack;Lorg/spongepowered/asm/mixin/injection/callback/CallbackInfo;)V won't be passed a CallbackInfo as a result
[00:18:03] [main/DEBUG] (FabricLoader/Mixin) Mixing accessors.SlotAccessor from aether.mixins.json into net.minecraft.core.player.inventory.slot.Slot
[00:18:03] [main/DEBUG] (FabricLoader/Mixin) Mixing achievement.SlotCraftingAchievementMixin from aether.mixins.json into net.minecraft.core.player.inventory.slot.SlotResult
[00:18:03] [main/DEBUG] (FabricLoader/Mixin) aether.mixins.json:achievement.SlotCraftingAchievementMixin from mod aether->@Inject::addCraftingAchievements(Lnet/minecraft/core/item/ItemStack;Lorg/spongepowered/asm/mixin/injection/callback/CallbackInfo;)V doesn't use it's CallbackInfo
[00:18:03] [main/DEBUG] (FabricLoader/Mixin) aether.mixins.json:achievement.SlotCraftingAchievementMixin from mod aether->@Inject::addCraftingAchievements(Lnet/minecraft/core/item/ItemStack;Lorg/spongepowered/asm/mixin/injection/callback/CallbackInfo;)V has 0 override(s) in child classes
[00:18:03] [main/DEBUG] (FabricLoader/Mixin) aether.mixins.json:achievement.SlotCraftingAchievementMixin from mod aether->@Inject::addCraftingAchievements(Lnet/minecraft/core/item/ItemStack;Lorg/spongepowered/asm/mixin/injection/callback/CallbackInfo;)V won't be passed a CallbackInfo as a result
[00:18:03] [main/DEBUG] (FabricLoader/Mixin) Mixing accessors.SlotArmorAccessor from aether.mixins.json into net.minecraft.core.player.inventory.slot.SlotArmor
[00:18:03] [main/INFO] (net.minecraft.client.entity.player.PlayerLocal) logged in with session name: notch
[00:18:03] [GetSkinUrlThread 0/INFO] (net.minecraft.core.util.helper.GetSkinUrlThread) Loading Skin for Player notch...
[00:18:04] [main/INFO] (net.minecraft.client.render.LightmapHelper) Loading custom lightmap '/assets/minecraft/textures/environment/lightmap0.png'
[00:18:04] [main/INFO] (net.minecraft.client.render.LightmapHelper) No custom lightmap found
[00:18:04] [main/INFO] (net.minecraft.client.net.handler.PacketHandlerClient) Receiving 873 recipes from server..
[00:18:04] [GetSkinUrlThread 0/INFO] (net.minecraft.core.util.helper.GetSkinUrlThread) Skin URL: http://textures.minecraft.net/texture/292009a4925b58f02c77dadc3ecef07ea4c7472f64e0fdc32ce5522489362680
[00:18:04] [GetSkinUrlThread 0/INFO] (net.minecraft.core.util.helper.GetSkinUrlThread) Cape URL: null
[00:18:04] [main/INFO] (net.minecraft.client.net.handler.PacketHandlerClient) All recipes received!
[00:18:04] [main/DEBUG] (FabricLoader/Mixin) Mixing gui.GuidebookMixinInclude from aether.mixins.json into net.minecraft.client.gui.guidebook.GuidebookSections
[00:18:04] [main/DEBUG] (FabricLoader/Mixin) aether.mixins.json:gui.GuidebookMixinInclude from mod aether->@Inject::includeAetherSection(Lorg/spongepowered/asm/mixin/injection/callback/CallbackInfo;)V doesn't use it's CallbackInfo
[00:18:04] [GetSkinUrlThread 1/INFO] (net.minecraft.core.util.helper.GetSkinUrlThread) Loading Skin for Player seamurott...
[00:18:04] [main/INFO] (aether) Received SunspiritDeathNetworkMessage.
[00:18:04] [main/INFO] (net.minecraft.client.render.colorizer.Colorizers) Updating Colorizers
[00:18:04] [GetSkinUrlThread 1/INFO] (net.minecraft.core.util.helper.GetSkinUrlThread) Skin URL: http://textures.minecraft.net/texture/782ba09c9fb81c61a128d49d52dff949f27c6a9fcc2b746ae55f323628386c27
[00:18:04] [GetSkinUrlThread 1/INFO] (net.minecraft.core.util.helper.GetSkinUrlThread) Cape URL: http://textures.minecraft.net/texture/569b7f2a1d00d26f30efe3f9ab9ac817b1e6d35f4f3cfb0324ef2d328223d350
[00:18:04] [main/DEBUG] (FabricLoader/Mixin) Mixing achievement.aetherAchievementMixin from aether.mixins.json into net.minecraft.client.gui.toasts.AchievementToast
[00:18:04] [main/DEBUG] (FabricLoader/Mixin) aether.mixins.json:achievement.aetherAchievementMixin from mod aether->@Inject::playAetherSound(Lorg/spongepowered/asm/mixin/injection/callback/CallbackInfo;)V does use it's CallbackInfo
[00:18:04] [main/DEBUG] (FabricLoader/Mixin) Mixing models.BlockColorDispatcherMixin from halplibe.mixins.json into net.minecraft.client.render.block.color.BlockColorDispatcher
[00:18:04] [main/DEBUG] (FabricLoader/Mixin) Renaming synthetic method lambda$addQueuedModels$0(Lturniplabs/halplibe/util/ModelEntrypoint;)V to md1f3d86$halplibe$lambda$addQueuedModels$0$0 in halplibe.mixins.json:models.BlockColorDispatcherMixin from mod halplibe
[00:18:04] [main/DEBUG] (FabricLoader/Mixin) halplibe.mixins.json:models.BlockColorDispatcherMixin from mod halplibe->@Inject::addQueuedModels(Lorg/spongepowered/asm/mixin/injection/callback/CallbackInfo;)V doesn't use it's CallbackInfo
[00:18:04] [DownloadImage 2/ERROR] (net.minecraft.client.net.thread.ThreadDownloadImage) Exception when getting image from 'https://api.betterthanadventure.net/v2/capes?uuid=337409a379c1442f913b7e5b54d1ee9d'!
java.io.IOException: Server returned HTTP response code: 500 for URL: https://api.betterthanadventure.net/v2/capes?uuid=337409a379c1442f913b7e5b54d1ee9d
	at jdk.internal.reflect.NativeConstructorAccessorImpl.newInstance0(Native Method) ~[?:?]
	at jdk.internal.reflect.NativeConstructorAccessorImpl.newInstance(NativeConstructorAccessorImpl.java:77) ~[?:?]
	at jdk.internal.reflect.DelegatingConstructorAccessorImpl.newInstance(DelegatingConstructorAccessorImpl.java:45) ~[?:?]
	at java.lang.reflect.Constructor.newInstanceWithCaller(Constructor.java:499) ~[?:?]
	at java.lang.reflect.Constructor.newInstance(Constructor.java:480) ~[?:?]
	at sun.net.www.protocol.http.HttpURLConnection$10.run(HttpURLConnection.java:2075) ~[?:?]
	at sun.net.www.protocol.http.HttpURLConnection$10.run(HttpURLConnection.java:2070) ~[?:?]
	at java.security.AccessController.doPrivileged(AccessController.java:569) ~[?:?]
	at sun.net.www.protocol.http.HttpURLConnection.getChainedException(HttpURLConnection.java:2069) ~[?:?]
	at sun.net.www.protocol.http.HttpURLConnection.getInputStream0(HttpURLConnection.java:1630) ~[?:?]
	at sun.net.www.protocol.http.HttpURLConnection.getInputStream(HttpURLConnection.java:1610) ~[?:?]
	at sun.net.www.protocol.https.HttpsURLConnectionImpl.getInputStream(HttpsURLConnectionImpl.java:224) ~[?:?]
	at net.minecraft.client.net.thread.ThreadDownloadImage.run(ThreadDownloadImage.java:44) ~[minecraft-merged-1e3f212220-7.3_04-loom.mappings.7_3_04.layered+hash.31-v2.jar:?]
Caused by: java.io.IOException: Server returned HTTP response code: 500 for URL: https://api.betterthanadventure.net/v2/capes?uuid=337409a379c1442f913b7e5b54d1ee9d
	at sun.net.www.protocol.http.HttpURLConnection.getInputStream0(HttpURLConnection.java:2018) ~[?:?]
	at sun.net.www.protocol.http.HttpURLConnection.getInputStream(HttpURLConnection.java:1610) ~[?:?]
	at java.net.HttpURLConnection.getResponseCode(HttpURLConnection.java:529) ~[?:?]
	at sun.net.www.protocol.https.HttpsURLConnectionImpl.getResponseCode(HttpsURLConnectionImpl.java:308) ~[?:?]
	at net.minecraft.client.net.thread.ThreadDownloadImage.run(ThreadDownloadImage.java:41) ~[minecraft-merged-1e3f212220-7.3_04-loom.mappings.7_3_04.layered+hash.31-v2.jar:?]
[00:20:06] [main/INFO] (net.minecraft.client.render.shader.ShadersRenderer) Display: 854 x 480, Render: 854 x 480
[00:20:46] [main/INFO] (net.minecraft.client.gui.hud.HudIngame) [CHAT] §0seamurott§4 left the game.
[00:20:48] [main/INFO] (net.minecraft.client.Minecraft) Stopping!
[00:20:48] [main/INFO] (net.minecraft.core.util.helper.LoggedPrintStream) [STDOUT]: 
[00:20:48] [main/INFO] (net.minecraft.core.util.helper.LoggedPrintStream) [STDOUT]: SoundSystem shutting down...
[00:20:48] [main/INFO] (net.minecraft.core.util.helper.LoggedPrintStream) [STDOUT]:     Author: Paul Lamb, www.paulscode.com
[00:20:48] [main/INFO] (net.minecraft.core.util.helper.LoggedPrintStream) [STDOUT]: 
